video_path,sign_class,signer_id,video_id,fps,total_frames,valid_landmark_frames,selected_frame_count,selection_ratio,token_sequence_length,landmark_file,token_file,status,error
D:\isl-translator\dataset\raw\food\signer_01\video_20260822_230409.mp4,food,signer_01,video_20260822_230409,30.0,90,90,20,0.2222,20,D:\isl-translator\dataset\landmarks\food\signer_01\video_20260822_230409.npz,D:\isl-translator\dataset\tokens\food\signer_01\video_20260822_230409.npz,success,
D:\isl-translator\dataset\raw\food\signer_01\video_20260822_231704.mp4,food,signer_01,video_20260822_231704,30.0,91,91,25,0.2747,25,D:\isl-translator\dataset\landmarks\food\signer_01\video_20260822_231704.npz,D:\isl-translator\dataset\tokens\food\signer_01\video_20260822_231704.npz,success,
D:\isl-translator\dataset\raw\hello\signer_01\video_20260909_234941.mp4,hello,signer_01,video_20260909_234941,30.0,81,81,17,0.2099,17,D:\isl-translator\dataset\landmarks\hello\signer_01\video_20260909_234941.npz,D:\isl-translator\dataset\tokens\hello\signer_01\video_20260909_234941.npz,success,
D:\isl-translator\dataset\raw\hello\signer_01\video_20260909_234948.mp4,hello,signer_01,video_20260909_234948,30.0,85,85,22,0.2588,22,D:\isl-translator\dataset\landmarks\hello\signer_01\video_20260909_234948.npz,D:\isl-translator\dataset\tokens\hello\signer_01\video_20260909_234948.npz,success,
D:\isl-translator\dataset\raw\hello\signer_01\video_20260909_234956.mp4,hello,signer_01,video_20260909_234956,30.0,84,84,24,0.2857,24,D:\isl-translator\dataset\landmarks\hello\signer_01\video_20260909_234956.npz,D:\isl-translator\dataset\tokens\hello\signer_01\video_20260909_234956.npz,success,
D:\isl-translator\dataset\raw\hello\signer_01\video_20260909_235003.mp4,hello,signer_01,video_20260909_235003,30.0,87,87,23,0.2644,23,D:\isl-translator\dataset\landmarks\hello\signer_01\video_20260909_235003.npz,D:\isl-translator\dataset\tokens\hello\signer_01\video_20260909_235003.npz,success,
D:\isl-translator\dataset\raw\hello\signer_01\video_20260909_235010.mp4,hello,signer_01,video_20260909_235010,30.0,82,82,22,0.2683,22,D:\isl-translator\dataset\landmarks\hello\signer_01\video_20260909_235010.npz,D:\isl-translator\dataset\tokens\hello\signer_01\video_20260909_235010.npz,success,
D:\isl-translator\dataset\raw\hello\signer_01\video_20260909_235017.mp4,hello,signer_01,video_20260909_235017,30.0,85,85,20,0.2353,20,D:\isl-translator\dataset\landmarks\hello\signer_01\video_20260909_235017.npz,D:\isl-translator\dataset\tokens\hello\signer_01\video_20260909_235017.npz,success,
D:\isl-translator\dataset\raw\hello\signer_01\video_20260909_235024.mp4,hello,signer_01,video_20260909_235024,30.0,81,81,17,0.2099,17,D:\isl-translator\dataset\landmarks\hello\signer_01\video_20260909_235024.npz,D:\isl-translator\dataset\tokens\hello\signer_01\video_20260909_235024.npz,success,
D:\isl-translator\dataset\raw\hello\signer_01\video_20260909_235031.mp4,hello,signer_01,video_20260909_235031,30.0,89,89,25,0.2809,25,D:\isl-translator\dataset\landmarks\hello\signer_01\video_20260909_235031.npz,D:\isl-translator\dataset\tokens\hello\signer_01\video_20260909_235031.npz,success,
D:\isl-translator\dataset\raw\hello\signer_01\video_20260909_235038.mp4,hello,signer_01,video_20260909_235038,30.0,81,81,22,0.2716,22,D:\isl-translator\dataset\landmarks\hello\signer_01\video_20260909_235038.npz,D:\isl-translator\dataset\tokens\hello\signer_01\video_20260909_235038.npz,success,
D:\isl-translator\dataset\raw\hello\signer_01\video_20260909_235045.mp4,hello,signer_01,video_20260909_235045,30.0,82,82,22,0.2683,22,D:\isl-translator\dataset\landmarks\hello\signer_01\video_20260909_235045.npz,D:\isl-translator\dataset\tokens\hello\signer_01\video_20260909_235045.npz,success,
D:\isl-translator\dataset\raw\hello\signer_01\video_20260909_235052.mp4,hello,signer_01,video_20260909_235052,30.0,84,84,20,0.2381,20,D:\isl-translator\dataset\landmarks\hello\signer_01\video_20260909_235052.npz,D:\isl-translator\dataset\tokens\hello\signer_01\video_20260909_235052.npz,success,
D:\isl-translator\dataset\raw\hello\signer_01\video_20260909_235059.mp4,hello,signer_01,video_20260909_235059,30.0,81,81,22,0.2716,22,D:\isl-translator\dataset\landmarks\hello\signer_01\video_20260909_235059.npz,D:\isl-translator\dataset\tokens\hello\signer_01\video_20260909_235059.npz,success,
D:\isl-translator\dataset\raw\hello\signer_01\video_20260909_235106.mp4,hello,signer_01,video_20260909_235106,30.0,86,86,20,0.2326,20,D:\isl-translator\dataset\landmarks\hello\signer_01\video_20260909_235106.npz,D:\isl-translator\dataset\tokens\hello\signer_01\video_20260909_235106.npz,success,
D:\isl-translator\dataset\raw\hello\signer_01\video_20260909_235113.mp4,hello,signer_01,video_20260909_235113,30.0,90,90,22,0.2444,22,D:\isl-translator\dataset\landmarks\hello\signer_01\video_20260909_235113.npz,D:\isl-translator\dataset\tokens\hello\signer_01\video_20260909_235113.npz,success,
D:\isl-translator\dataset\raw\hello\signer_01\video_20260909_235120.mp4,hello,signer_01,video_20260909_235120,30.0,78,78,28,0.359,28,D:\isl-translator\dataset\landmarks\hello\signer_01\video_20260909_235120.npz,D:\isl-translator\dataset\tokens\hello\signer_01\video_20260909_235120.npz,success,
D:\isl-translator\dataset\raw\hello\signer_01\video_20260909_235127.mp4,hello,signer_01,video_20260909_235127,30.0,84,84,21,0.25,21,D:\isl-translator\dataset\landmarks\hello\signer_01\video_20260909_235127.npz,D:\isl-translator\dataset\tokens\hello\signer_01\video_20260909_235127.npz,success,
D:\isl-translator\dataset\raw\hello\signer_01\video_20260909_235134.mp4,hello,signer_01,video_20260909_235134,30.0,84,84,19,0.2262,19,D:\isl-translator\dataset\landmarks\hello\signer_01\video_20260909_235134.npz,D:\isl-translator\dataset\tokens\hello\signer_01\video_20260909_235134.npz,success,
D:\isl-translator\dataset\raw\hello\signer_01\video_20260909_235141.mp4,hello,signer_01,video_20260909_235141,30.0,84,84,30,0.3571,30,D:\isl-translator\dataset\landmarks\hello\signer_01\video_20260909_235141.npz,D:\isl-translator\dataset\tokens\hello\signer_01\video_20260909_235141.npz,success,
D:\isl-translator\dataset\raw\hello\signer_01\video_20260909_235148.mp4,hello,signer_01,video_20260909_235148,30.0,78,78,22,0.2821,22,D:\isl-translator\dataset\landmarks\hello\signer_01\video_20260909_235148.npz,D:\isl-translator\dataset\tokens\hello\signer_01\video_20260909_235148.npz,success,
D:\isl-translator\dataset\raw\hello\signer_01\video_20260909_235156.mp4,hello,signer_01,video_20260909_235156,30.0,84,84,29,0.3452,29,D:\isl-translator\dataset\landmarks\hello\signer_01\video_20260909_235156.npz,D:\isl-translator\dataset\tokens\hello\signer_01\video_20260909_235156.npz,success,
D:\isl-translator\dataset\raw\hello\signer_01\video_20260909_235203.mp4,hello,signer_01,video_20260909_235203,30.0,85,85,14,0.1647,14,D:\isl-translator\dataset\landmarks\hello\signer_01\video_20260909_235203.npz,D:\isl-translator\dataset\tokens\hello\signer_01\video_20260909_235203.npz,success,
D:\isl-translator\dataset\raw\hello\signer_01\video_20260909_235210.mp4,hello,signer_01,video_20260909_235210,30.0,81,81,29,0.358,29,D:\isl-translator\dataset\landmarks\hello\signer_01\video_20260909_235210.npz,D:\isl-translator\dataset\tokens\hello\signer_01\video_20260909_235210.npz,success,
D:\isl-translator\dataset\raw\hello\signer_01\video_20260909_235217.mp4,hello,signer_01,video_20260909_235217,30.0,78,78,23,0.2949,23,D:\isl-translator\dataset\landmarks\hello\signer_01\video_20260909_235217.npz,D:\isl-translator\dataset\tokens\hello\signer_01\video_20260909_235217.npz,success,
D:\isl-translator\dataset\raw\hello\signer_01\video_20260909_235224.mp4,hello,signer_01,video_20260909_235224,30.0,84,84,17,0.2024,17,D:\isl-translator\dataset\landmarks\hello\signer_01\video_20260909_235224.npz,D:\isl-translator\dataset\tokens\hello\signer_01\video_20260909_235224.npz,success,
D:\isl-translator\dataset\raw\hello\signer_01\video_20260909_235231.mp4,hello,signer_01,video_20260909_235231,30.0,78,78,25,0.3205,25,D:\isl-translator\dataset\landmarks\hello\signer_01\video_20260909_235231.npz,D:\isl-translator\dataset\tokens\hello\signer_01\video_20260909_235231.npz,success,
D:\isl-translator\dataset\raw\hello\signer_01\video_20260909_235238.mp4,hello,signer_01,video_20260909_235238,30.0,82,82,16,0.1951,16,D:\isl-translator\dataset\landmarks\hello\signer_01\video_20260909_235238.npz,D:\isl-translator\dataset\tokens\hello\signer_01\video_20260909_235238.npz,success,
D:\isl-translator\dataset\raw\hello\signer_01\video_20260909_235245.mp4,hello,signer_01,video_20260909_235245,30.0,91,91,23,0.2527,23,D:\isl-translator\dataset\landmarks\hello\signer_01\video_20260909_235245.npz,D:\isl-translator\dataset\tokens\hello\signer_01\video_20260909_235245.npz,success,
D:\isl-translator\dataset\raw\hello\signer_01\video_20260909_235252.mp4,hello,signer_01,video_20260909_235252,30.0,90,90,21,0.2333,21,D:\isl-translator\dataset\landmarks\hello\signer_01\video_20260909_235252.npz,D:\isl-translator\dataset\tokens\hello\signer_01\video_20260909_235252.npz,success,
D:\isl-translator\dataset\raw\hello\signer_01\video_20260909_235259.mp4,hello,signer_01,video_20260909_235259,30.0,90,90,20,0.2222,20,D:\isl-translator\dataset\landmarks\hello\signer_01\video_20260909_235259.npz,D:\isl-translator\dataset\tokens\hello\signer_01\video_20260909_235259.npz,success,
D:\isl-translator\dataset\raw\hello\signer_01\video_20260909_235306.mp4,hello,signer_01,video_20260909_235306,30.0,89,89,23,0.2584,23,D:\isl-translator\dataset\landmarks\hello\signer_01\video_20260909_235306.npz,D:\isl-translator\dataset\tokens\hello\signer_01\video_20260909_235306.npz,success,
D:\isl-translator\dataset\raw\school\signer_01\video_20260822_230424.mp4,school,signer_01,video_20260822_230424,30.0,81,81,23,0.284,23,D:\isl-translator\dataset\landmarks\school\signer_01\video_20260822_230424.npz,D:\isl-translator\dataset\tokens\school\signer_01\video_20260822_230424.npz,success,
D:\isl-translator\dataset\raw\thank_you\signer_01\video_20260910_000431.mp4,thank_you,signer_01,video_20260910_000431,30.0,91,91,21,0.2308,21,D:\isl-translator\dataset\landmarks\thank_you\signer_01\video_20260910_000431.npz,D:\isl-translator\dataset\tokens\thank_you\signer_01\video_20260910_000431.npz,success,
D:\isl-translator\dataset\raw\thank_you\signer_01\video_20260910_000439.mp4,thank_you,signer_01,video_20260910_000439,30.0,90,90,20,0.2222,20,D:\isl-translator\dataset\landmarks\thank_you\signer_01\video_20260910_000439.npz,D:\isl-translator\dataset\tokens\thank_you\signer_01\video_20260910_000439.npz,success,
D:\isl-translator\dataset\raw\thank_you\signer_01\video_20260910_000446.mp4,thank_you,signer_01,video_20260910_000446,30.0,90,90,21,0.2333,21,D:\isl-translator\dataset\landmarks\thank_you\signer_01\video_20260910_000446.npz,D:\isl-translator\dataset\tokens\thank_you\signer_01\video_20260910_000446.npz,success,
D:\isl-translator\dataset\raw\thank_you\signer_01\video_20260910_000453.mp4,thank_you,signer_01,video_20260910_000453,30.0,91,91,19,0.2088,19,D:\isl-translator\dataset\landmarks\thank_you\signer_01\video_20260910_000453.npz,D:\isl-translator\dataset\tokens\thank_you\signer_01\video_20260910_000453.npz,success,
D:\isl-translator\dataset\raw\thank_you\signer_01\video_20260910_000500.mp4,thank_you,signer_01,video_20260910_000500,30.0,86,86,22,0.2558,22,D:\isl-translator\dataset\landmarks\thank_you\signer_01\video_20260910_000500.npz,D:\isl-translator\dataset\tokens\thank_you\signer_01\video_20260910_000500.npz,success,
D:\isl-translator\dataset\raw\thank_you\signer_01\video_20260910_000507.mp4,thank_you,signer_01,video_20260910_000507,30.0,87,87,22,0.2529,22,D:\isl-translator\dataset\landmarks\thank_you\signer_01\video_20260910_000507.npz,D:\isl-translator\dataset\tokens\thank_you\signer_01\video_20260910_000507.npz,success,
D:\isl-translator\dataset\raw\thank_you\signer_01\video_20260910_000514.mp4,thank_you,signer_01,video_20260910_000514,30.0,84,84,16,0.1905,16,D:\isl-translator\dataset\landmarks\thank_you\signer_01\video_20260910_000514.npz,D:\isl-translator\dataset\tokens\thank_you\signer_01\video_20260910_000514.npz,success,
D:\isl-translator\dataset\raw\thank_you\signer_01\video_20260910_000521.mp4,thank_you,signer_01,video_20260910_000521,30.0,85,85,20,0.2353,20,D:\isl-translator\dataset\landmarks\thank_you\signer_01\video_20260910_000521.npz,D:\isl-translator\dataset\tokens\thank_you\signer_01\video_20260910_000521.npz,success,
D:\isl-translator\dataset\raw\thank_you\signer_01\video_20260910_000528.mp4,thank_you,signer_01,video_20260910_000528,30.0,84,84,23,0.2738,23,D:\isl-translator\dataset\landmarks\thank_you\signer_01\video_20260910_000528.npz,D:\isl-translator\dataset\tokens\thank_you\signer_01\video_20260910_000528.npz,success,
D:\isl-translator\dataset\raw\thank_you\signer_01\video_20260910_000535.mp4,thank_you,signer_01,video_20260910_000535,30.0,79,79,18,0.2278,18,D:\isl-translator\dataset\landmarks\thank_you\signer_01\video_20260910_000535.npz,D:\isl-translator\dataset\tokens\thank_you\signer_01\video_20260910_000535.npz,success,
D:\isl-translator\dataset\raw\thank_you\signer_01\video_20260910_000543.mp4,thank_you,signer_01,video_20260910_000543,30.0,81,81,18,0.2222,18,D:\isl-translator\dataset\landmarks\thank_you\signer_01\video_20260910_000543.npz,D:\isl-translator\dataset\tokens\thank_you\signer_01\video_20260910_000543.npz,success,
D:\isl-translator\dataset\raw\thank_you\signer_01\video_20260910_000550.mp4,thank_you,signer_01,video_20260910_000550,30.0,92,92,23,0.25,23,D:\isl-translator\dataset\landmarks\thank_you\signer_01\video_20260910_000550.npz,D:\isl-translator\dataset\tokens\thank_you\signer_01\video_20260910_000550.npz,success,
D:\isl-translator\dataset\raw\thank_you\signer_01\video_20260910_000557.mp4,thank_you,signer_01,video_20260910_000557,30.0,84,84,24,0.2857,24,D:\isl-translator\dataset\landmarks\thank_you\signer_01\video_20260910_000557.npz,D:\isl-translator\dataset\tokens\thank_you\signer_01\video_20260910_000557.npz,success,
D:\isl-translator\dataset\raw\thank_you\signer_01\video_20260910_000604.mp4,thank_you,signer_01,video_20260910_000604,30.0,90,90,22,0.2444,22,D:\isl-translator\dataset\landmarks\thank_you\signer_01\video_20260910_000604.npz,D:\isl-translator\dataset\tokens\thank_you\signer_01\video_20260910_000604.npz,success,
D:\isl-translator\dataset\raw\thank_you\signer_01\video_20260910_000611.mp4,thank_you,signer_01,video_20260910_000611,30.0,90,90,24,0.2667,24,D:\isl-translator\dataset\landmarks\thank_you\signer_01\video_20260910_000611.npz,D:\isl-translator\dataset\tokens\thank_you\signer_01\video_20260910_000611.npz,success,
D:\isl-translator\dataset\raw\thank_you\signer_01\video_20260910_000618.mp4,thank_you,signer_01,video_20260910_000618,30.0,90,90,21,0.2333,21,D:\isl-translator\dataset\landmarks\thank_you\signer_01\video_20260910_000618.npz,D:\isl-translator\dataset\tokens\thank_you\signer_01\video_20260910_000618.npz,success,
D:\isl-translator\dataset\raw\thank_you\signer_01\video_20260910_000625.mp4,thank_you,signer_01,video_20260910_000625,30.0,91,91,23,0.2527,23,D:\isl-translator\dataset\landmarks\thank_you\signer_01\video_20260910_000625.npz,D:\isl-translator\dataset\tokens\thank_you\signer_01\video_20260910_000625.npz,success,
D:\isl-translator\dataset\raw\thank_you\signer_01\video_20260910_000632.mp4,thank_you,signer_01,video_20260910_000632,30.0,90,90,23,0.2556,23,D:\isl-translator\dataset\landmarks\thank_you\signer_01\video_20260910_000632.npz,D:\isl-translator\dataset\tokens\thank_you\signer_01\video_20260910_000632.npz,success,
D:\isl-translator\dataset\raw\thank_you\signer_01\video_20260910_000639.mp4,thank_you,signer_01,video_20260910_000639,30.0,92,92,26,0.2826,26,D:\isl-translator\dataset\landmarks\thank_you\signer_01\video_20260910_000639.npz,D:\isl-translator\dataset\tokens\thank_you\signer_01\video_20260910_000639.npz,success,
D:\isl-translator\dataset\raw\thank_you\signer_01\video_20260910_000646.mp4,thank_you,signer_01,video_20260910_000646,30.0,87,87,27,0.3103,27,D:\isl-translator\dataset\landmarks\thank_you\signer_01\video_20260910_000646.npz,D:\isl-translator\dataset\tokens\thank_you\signer_01\video_20260910_000646.npz,success,
D:\isl-translator\dataset\raw\thank_you\signer_01\video_20260910_000653.mp4,thank_you,signer_01,video_20260910_000653,30.0,87,87,24,0.2759,24,D:\isl-translator\dataset\landmarks\thank_you\signer_01\video_20260910_000653.npz,D:\isl-translator\dataset\tokens\thank_you\signer_01\video_20260910_000653.npz,success,
D:\isl-translator\dataset\raw\thank_you\signer_01\video_20260910_000701.mp4,thank_you,signer_01,video_20260910_000701,30.0,90,90,30,0.3333,30,D:\isl-translator\dataset\landmarks\thank_you\signer_01\video_20260910_000701.npz,D:\isl-translator\dataset\tokens\thank_you\signer_01\video_20260910_000701.npz,success,
D:\isl-translator\dataset\raw\thank_you\signer_01\video_20260910_000708.mp4,thank_you,signer_01,video_20260910_000708,30.0,88,88,28,0.3182,28,D:\isl-translator\dataset\landmarks\thank_you\signer_01\video_20260910_000708.npz,D:\isl-translator\dataset\tokens\thank_you\signer_01\video_20260910_000708.npz,success,
D:\isl-translator\dataset\raw\thank_you\signer_01\video_20260910_000715.mp4,thank_you,signer_01,video_20260910_000715,30.0,90,90,27,0.3,27,D:\isl-translator\dataset\landmarks\thank_you\signer_01\video_20260910_000715.npz,D:\isl-translator\dataset\tokens\thank_you\signer_01\video_20260910_000715.npz,success,
D:\isl-translator\dataset\raw\thank_you\signer_01\video_20260910_000722.mp4,thank_you,signer_01,video_20260910_000722,30.0,90,90,26,0.2889,26,D:\isl-translator\dataset\landmarks\thank_you\signer_01\video_20260910_000722.npz,D:\isl-translator\dataset\tokens\thank_you\signer_01\video_20260910_000722.npz,success,
D:\isl-translator\dataset\raw\thank_you\signer_01\video_20260910_000729.mp4,thank_you,signer_01,video_20260910_000729,30.0,89,89,16,0.1798,16,D:\isl-translator\dataset\landmarks\thank_you\signer_01\video_20260910_000729.npz,D:\isl-translator\dataset\tokens\thank_you\signer_01\video_20260910_000729.npz,success,
D:\isl-translator\dataset\raw\thank_you\signer_01\video_20260910_000736.mp4,thank_you,signer_01,video_20260910_000736,30.0,89,89,25,0.2809,25,D:\isl-translator\dataset\landmarks\thank_you\signer_01\video_20260910_000736.npz,D:\isl-translator\dataset\tokens\thank_you\signer_01\video_20260910_000736.npz,success,
D:\isl-translator\dataset\raw\thank_you\signer_01\video_20260910_000743.mp4,thank_you,signer_01,video_20260910_000743,30.0,91,91,20,0.2198,20,D:\isl-translator\dataset\landmarks\thank_you\signer_01\video_20260910_000743.npz,D:\isl-translator\dataset\tokens\thank_you\signer_01\video_20260910_000743.npz,success,
D:\isl-translator\dataset\raw\thank_you\signer_01\video_20260910_000750.mp4,thank_you,signer_01,video_20260910_000750,30.0,89,89,22,0.2472,22,D:\isl-translator\dataset\landmarks\thank_you\signer_01\video_20260910_000750.npz,D:\isl-translator\dataset\tokens\thank_you\signer_01\video_20260910_000750.npz,success,
D:\isl-translator\dataset\raw\thank_you\signer_01\video_20260910_000757.mp4,thank_you,signer_01,video_20260910_000757,30.0,90,90,18,0.2,18,D:\isl-translator\dataset\landmarks\thank_you\signer_01\video_20260910_000757.npz,D:\isl-translator\dataset\tokens\thank_you\signer_01\video_20260910_000757.npz,success,
D:\isl-translator\dataset\raw\water\signer_01\video_20260822_195720.mp4,water,signer_01,video_20260822_195720,30.0,81,81,14,0.1728,14,D:\isl-translator\dataset\landmarks\water\signer_01\video_20260822_195720.npz,D:\isl-translator\dataset\tokens\water\signer_01\video_20260822_195720.npz,success,
D:\isl-translator\dataset\raw\welcome\1\video_20260822_230539.mp4,welcome,1,video_20260822_230539,30.0,91,91,25,0.2747,25,D:\isl-translator\dataset\landmarks\welcome\1\video_20260822_230539.npz,D:\isl-translator\dataset\tokens\welcome\1\video_20260822_230539.npz,success,
D:\isl-translator\dataset\raw\welcome\1\video_20260822_230546.mp4,welcome,1,video_20260822_230546,30.0,89,89,21,0.236,21,D:\isl-translator\dataset\landmarks\welcome\1\video_20260822_230546.npz,D:\isl-translator\dataset\tokens\welcome\1\video_20260822_230546.npz,success,
D:\isl-translator\dataset\raw\welcome\signer_01\video_20260910_001335.mp4,welcome,signer_01,video_20260910_001335,30.0,69,69,17,0.2464,17,D:\isl-translator\dataset\landmarks\welcome\signer_01\video_20260910_001335.npz,D:\isl-translator\dataset\tokens\welcome\signer_01\video_20260910_001335.npz,success,
D:\isl-translator\dataset\raw\welcome\signer_01\video_20260910_001342.mp4,welcome,signer_01,video_20260910_001342,30.0,83,83,23,0.2771,23,D:\isl-translator\dataset\landmarks\welcome\signer_01\video_20260910_001342.npz,D:\isl-translator\dataset\tokens\welcome\signer_01\video_20260910_001342.npz,success,
D:\isl-translator\dataset\raw\welcome\signer_01\video_20260910_001349.mp4,welcome,signer_01,video_20260910_001349,30.0,92,92,26,0.2826,26,D:\isl-translator\dataset\landmarks\welcome\signer_01\video_20260910_001349.npz,D:\isl-translator\dataset\tokens\welcome\signer_01\video_20260910_001349.npz,success,
D:\isl-translator\dataset\raw\welcome\signer_01\video_20260910_001451.mp4,welcome,signer_01,video_20260910_001451,30.0,87,87,24,0.2759,24,D:\isl-translator\dataset\landmarks\welcome\signer_01\video_20260910_001451.npz,D:\isl-translator\dataset\tokens\welcome\signer_01\video_20260910_001451.npz,success,
D:\isl-translator\dataset\raw\welcome\signer_01\video_20260910_001458.mp4,welcome,signer_01,video_20260910_001458,30.0,84,84,22,0.2619,22,D:\isl-translator\dataset\landmarks\welcome\signer_01\video_20260910_001458.npz,D:\isl-translator\dataset\tokens\welcome\signer_01\video_20260910_001458.npz,success,
D:\isl-translator\dataset\raw\welcome\signer_01\video_20260910_001506.mp4,welcome,signer_01,video_20260910_001506,30.0,84,84,13,0.1548,13,D:\isl-translator\dataset\landmarks\welcome\signer_01\video_20260910_001506.npz,D:\isl-translator\dataset\tokens\welcome\signer_01\video_20260910_001506.npz,success,
D:\isl-translator\dataset\raw\welcome\signer_01\video_20260910_001513.mp4,welcome,signer_01,video_20260910_001513,30.0,84,84,20,0.2381,20,D:\isl-translator\dataset\landmarks\welcome\signer_01\video_20260910_001513.npz,D:\isl-translator\dataset\tokens\welcome\signer_01\video_20260910_001513.npz,success,
D:\isl-translator\dataset\raw\welcome\signer_01\video_20260910_001520.mp4,welcome,signer_01,video_20260910_001520,30.0,87,87,26,0.2989,26,D:\isl-translator\dataset\landmarks\welcome\signer_01\video_20260910_001520.npz,D:\isl-translator\dataset\tokens\welcome\signer_01\video_20260910_001520.npz,success,
D:\isl-translator\dataset\raw\welcome\signer_01\video_20260910_001527.mp4,welcome,signer_01,video_20260910_001527,30.0,87,87,20,0.2299,20,D:\isl-translator\dataset\landmarks\welcome\signer_01\video_20260910_001527.npz,D:\isl-translator\dataset\tokens\welcome\signer_01\video_20260910_001527.npz,success,
D:\isl-translator\dataset\raw\welcome\signer_01\video_20260910_001534.mp4,welcome,signer_01,video_20260910_001534,30.0,83,83,18,0.2169,18,D:\isl-translator\dataset\landmarks\welcome\signer_01\video_20260910_001534.npz,D:\isl-translator\dataset\tokens\welcome\signer_01\video_20260910_001534.npz,success,
D:\isl-translator\dataset\raw\welcome\signer_01\video_20260910_001541.mp4,welcome,signer_01,video_20260910_001541,30.0,85,85,23,0.2706,23,D:\isl-translator\dataset\landmarks\welcome\signer_01\video_20260910_001541.npz,D:\isl-translator\dataset\tokens\welcome\signer_01\video_20260910_001541.npz,success,
D:\isl-translator\dataset\raw\welcome\signer_01\video_20260910_001548.mp4,welcome,signer_01,video_20260910_001548,30.0,90,90,30,0.3333,30,D:\isl-translator\dataset\landmarks\welcome\signer_01\video_20260910_001548.npz,D:\isl-translator\dataset\tokens\welcome\signer_01\video_20260910_001548.npz,success,
D:\isl-translator\dataset\raw\welcome\signer_01\video_20260910_001555.mp4,welcome,signer_01,video_20260910_001555,30.0,91,91,16,0.1758,16,D:\isl-translator\dataset\landmarks\welcome\signer_01\video_20260910_001555.npz,D:\isl-translator\dataset\tokens\welcome\signer_01\video_20260910_001555.npz,success,
D:\isl-translator\dataset\raw\welcome\signer_01\video_20260910_001602.mp4,welcome,signer_01,video_20260910_001602,30.0,89,89,24,0.2697,24,D:\isl-translator\dataset\landmarks\welcome\signer_01\video_20260910_001602.npz,D:\isl-translator\dataset\tokens\welcome\signer_01\video_20260910_001602.npz,success,
D:\isl-translator\dataset\raw\welcome\signer_01\video_20260910_001609.mp4,welcome,signer_01,video_20260910_001609,30.0,90,90,25,0.2778,25,D:\isl-translator\dataset\landmarks\welcome\signer_01\video_20260910_001609.npz,D:\isl-translator\dataset\tokens\welcome\signer_01\video_20260910_001609.npz,success,
D:\isl-translator\dataset\raw\welcome\signer_01\video_20260910_001616.mp4,welcome,signer_01,video_20260910_001616,30.0,93,93,23,0.2473,23,D:\isl-translator\dataset\landmarks\welcome\signer_01\video_20260910_001616.npz,D:\isl-translator\dataset\tokens\welcome\signer_01\video_20260910_001616.npz,success,
D:\isl-translator\dataset\raw\welcome\signer_01\video_20260910_001624.mp4,welcome,signer_01,video_20260910_001624,30.0,90,90,17,0.1889,17,D:\isl-translator\dataset\landmarks\welcome\signer_01\video_20260910_001624.npz,D:\isl-translator\dataset\tokens\welcome\signer_01\video_20260910_001624.npz,success,
D:\isl-translator\dataset\raw\welcome\signer_01\video_20260910_001631.mp4,welcome,signer_01,video_20260910_001631,30.0,88,88,22,0.25,22,D:\isl-translator\dataset\landmarks\welcome\signer_01\video_20260910_001631.npz,D:\isl-translator\dataset\tokens\welcome\signer_01\video_20260910_001631.npz,success,
D:\isl-translator\dataset\raw\welcome\signer_01\video_20260910_001638.mp4,welcome,signer_01,video_20260910_001638,30.0,85,85,18,0.2118,18,D:\isl-translator\dataset\landmarks\welcome\signer_01\video_20260910_001638.npz,D:\isl-translator\dataset\tokens\welcome\signer_01\video_20260910_001638.npz,success,
D:\isl-translator\dataset\raw\welcome\signer_01\video_20260910_001645.mp4,welcome,signer_01,video_20260910_001645,30.0,88,88,22,0.25,22,D:\isl-translator\dataset\landmarks\welcome\signer_01\video_20260910_001645.npz,D:\isl-translator\dataset\tokens\welcome\signer_01\video_20260910_001645.npz,success,
D:\isl-translator\dataset\raw\welcome\signer_01\video_20260910_001652.mp4,welcome,signer_01,video_20260910_001652,30.0,89,89,22,0.2472,22,D:\isl-translator\dataset\landmarks\welcome\signer_01\video_20260910_001652.npz,D:\isl-translator\dataset\tokens\welcome\signer_01\video_20260910_001652.npz,success,
D:\isl-translator\dataset\raw\welcome\signer_01\video_20260910_001659.mp4,welcome,signer_01,video_20260910_001659,30.0,89,89,20,0.2247,20,D:\isl-translator\dataset\landmarks\welcome\signer_01\video_20260910_001659.npz,D:\isl-translator\dataset\tokens\welcome\signer_01\video_20260910_001659.npz,success,
D:\isl-translator\dataset\raw\welcome\signer_01\video_20260910_001706.mp4,welcome,signer_01,video_20260910_001706,30.0,91,91,20,0.2198,20,D:\isl-translator\dataset\landmarks\welcome\signer_01\video_20260910_001706.npz,D:\isl-translator\dataset\tokens\welcome\signer_01\video_20260910_001706.npz,success,
D:\isl-translator\dataset\raw\welcome\signer_01\video_20260910_001713.mp4,welcome,signer_01,video_20260910_001713,30.0,90,90,19,0.2111,19,D:\isl-translator\dataset\landmarks\welcome\signer_01\video_20260910_001713.npz,D:\isl-translator\dataset\tokens\welcome\signer_01\video_20260910_001713.npz,success,
D:\isl-translator\dataset\raw\welcome\signer_01\video_20260910_001720.mp4,welcome,signer_01,video_20260910_001720,30.0,81,81,18,0.2222,18,D:\isl-translator\dataset\landmarks\welcome\signer_01\video_20260910_001720.npz,D:\isl-translator\dataset\tokens\welcome\signer_01\video_20260910_001720.npz,success,
D:\isl-translator\dataset\raw\welcome\signer_01\video_20260910_001727.mp4,welcome,signer_01,video_20260910_001727,30.0,84,84,26,0.3095,26,D:\isl-translator\dataset\landmarks\welcome\signer_01\video_20260910_001727.npz,D:\isl-translator\dataset\tokens\welcome\signer_01\video_20260910_001727.npz,success,
D:\isl-translator\dataset\raw\welcome\signer_01\video_20260910_001734.mp4,welcome,signer_01,video_20260910_001734,30.0,84,84,20,0.2381,20,D:\isl-translator\dataset\landmarks\welcome\signer_01\video_20260910_001734.npz,D:\isl-translator\dataset\tokens\welcome\signer_01\video_20260910_001734.npz,success,
D:\isl-translator\dataset\raw\welcome\signer_01\video_20260910_001741.mp4,welcome,signer_01,video_20260910_001741,30.0,83,83,21,0.253,21,D:\isl-translator\dataset\landmarks\welcome\signer_01\video_20260910_001741.npz,D:\isl-translator\dataset\tokens\welcome\signer_01\video_20260910_001741.npz,success,
D:\isl-translator\dataset\raw\welcome\signer_01\video_20260910_001749.mp4,welcome,signer_01,video_20260910_001749,30.0,83,83,18,0.2169,18,D:\isl-translator\dataset\landmarks\welcome\signer_01\video_20260910_001749.npz,D:\isl-translator\dataset\tokens\welcome\signer_01\video_20260910_001749.npz,success,
D:\isl-translator\dataset\raw\welcome\signer_01\video_20260910_001756.mp4,welcome,signer_01,video_20260910_001756,30.0,81,81,16,0.1975,16,D:\isl-translator\dataset\landmarks\welcome\signer_01\video_20260910_001756.npz,D:\isl-translator\dataset\tokens\welcome\signer_01\video_20260910_001756.npz,success,
D:\isl-translator\dataset\raw\welcome\signer_01\video_20260910_001804.mp4,welcome,signer_01,video_20260910_001804,30.0,90,90,15,0.1667,15,D:\isl-translator\dataset\landmarks\welcome\signer_01\video_20260910_001804.npz,D:\isl-translator\dataset\tokens\welcome\signer_01\video_20260910_001804.npz,success,
D:\isl-translator\dataset\raw\welcome\signer_01\video_20260910_001811.mp4,welcome,signer_01,video_20260910_001811,30.0,92,92,21,0.2283,21,D:\isl-translator\dataset\landmarks\welcome\signer_01\video_20260910_001811.npz,D:\isl-translator\dataset\tokens\welcome\signer_01\video_20260910_001811.npz,success,
D:\isl-translator\dataset\raw\welcome\signer_01\video_20260910_001818.mp4,welcome,signer_01,video_20260910_001818,30.0,90,90,17,0.1889,17,D:\isl-translator\dataset\landmarks\welcome\signer_01\video_20260910_001818.npz,D:\isl-translator\dataset\tokens\welcome\signer_01\video_20260910_001818.npz,success,
