class,video,source,signer,label_status,reason
brother,video_bridgeconn_1000_andrew_brother_peter.mp4,BridgeConn ISL Dictionary,BridgeConn_Studio_Signer,INVALID,"Religious proper name sign (Andrew Brother of Peter), not standard ISL brother"
brother,video_bridgeconn_2650_brother.mp4,BridgeConn ISL Dictionary,BridgeConn_Studio_Signer,VALID,Source label matches project class with valid motion
brother,video_datagov_Older_Brother_Elder_Brother.mp4,data.gov.in ISL Dictionary,DataGov_Studio_Signer,SUSPECT,Directional hierarchical variant (Older_Brother_Elder_Brother) rather than standard isolated brother sign
brother,video_datagov_Younger_Brother.mp4,data.gov.in ISL Dictionary,DataGov_Studio_Signer,SUSPECT,Directional hierarchical variant (Younger_Brother) rather than standard isolated brother sign
brother,brother__CISLR__00050__UDcg2skGRXM_1.mp4,HuggingFace (vidit031/isl-isolated-40words),CISLR_UDcg2skGRXM,VALID,Source label matches project class with valid motion
brother,brother__CISLR__00071__pcz5j3TcyEs_1.mp4,HuggingFace (vidit031/isl-isolated-40words),CISLR_pcz5j3TcyEs,VALID,Source label matches project class with valid motion
brother,brother__CISLR__00077__yMqhsoFHB_Q_1.mp4,HuggingFace (vidit031/isl-isolated-40words),CISLR_yMqhsoFHB,VALID,Source label matches project class with valid motion
father,father__CISLR__00024__Gm2HCSz7Jqg_1.mp4,HuggingFace (vidit031/isl-isolated-40words),CISLR_Gm2HCSz7Jqg,VALID,Source label matches project class with valid motion
father,father__ISL500__00083__Father__session123__clip000.mp4,HuggingFace (vidit031/isl-isolated-40words),ISL500_session123,VALID,Source label matches project class with valid motion
father,father__ISL500__00110__Father__session164__clip028.mp4,HuggingFace (vidit031/isl-isolated-40words),ISL500_session164,VALID,Source label matches project class with valid motion
father,father__ISL500__00137__Father__session171__clip018.mp4,HuggingFace (vidit031/isl-isolated-40words),ISL500_session171,VALID,Source label matches project class with valid motion
father,father__ISL500__00164__Father__session112__clip027.mp4,HuggingFace (vidit031/isl-isolated-40words),ISL500_session112,VALID,Source label matches project class with valid motion
father,father__ISL500__00191__Father__session121__clip018.mp4,HuggingFace (vidit031/isl-isolated-40words),ISL500_session121,VALID,Source label matches project class with valid motion
father,father__ISL500__00218__Father__session128__clip022.mp4,HuggingFace (vidit031/isl-isolated-40words),ISL500_session128,VALID,Source label matches project class with valid motion
father,father__ISL500__00245__Father__000001__c545daf6-s099-013_Father.mp4,HuggingFace (vidit031/isl-isolated-40words),ISL500_00245,VALID,Source label matches project class with valid motion
father,father__ISL500__00272__Father__000001.mp4,HuggingFace (vidit031/isl-isolated-40words),ISL500_00272,VALID,Source label matches project class with valid motion
father,father__ISL500__00299__Father__000001.mp4,HuggingFace (vidit031/isl-isolated-40words),ISL500_00299,VALID,Source label matches project class with valid motion
father,father__ISL500__00326__Father__000001.mp4,HuggingFace (vidit031/isl-isolated-40words),ISL500_00326,VALID,Source label matches project class with valid motion
father,father__ISL500__00353__Father__session195__clip013.mp4,HuggingFace (vidit031/isl-isolated-40words),ISL500_session195,VALID,Source label matches project class with valid motion
father,father__ISL500__00380__Father__session231__clip012.mp4,HuggingFace (vidit031/isl-isolated-40words),ISL500_session231,VALID,Source label matches project class with valid motion
father,father__ISL500__00407__Father__session188__clip013.mp4,HuggingFace (vidit031/isl-isolated-40words),ISL500_session188,VALID,Source label matches project class with valid motion
father,father__ISL500__00434__Father__session157__clip032.mp4,HuggingFace (vidit031/isl-isolated-40words),ISL500_session157,UNCERTAIN,"Extremely short clip (67 frames, 11 tokens), risk of incomplete gesture"
father,father__ISL500__00461__Father__session152__clip031.mp4,HuggingFace (vidit031/isl-isolated-40words),ISL500_session152,VALID,Source label matches project class with valid motion
food,food__CISLR__00028__IVY4EYIVHMI.mp4,HuggingFace (vidit031/isl-isolated-40words),CISLR_IVY4EYIVHMI,VALID,Source label matches project class with valid motion
food,food__CISLR__00035__NROeKyImRuI_1.mp4,HuggingFace (vidit031/isl-isolated-40words),CISLR_NROeKyImRuI,UNCERTAIN,"Extremely short clip (76 frames, 11 tokens), risk of incomplete gesture"
food,food__ISL500__00084__Food__session108__clip023.mp4,HuggingFace (vidit031/isl-isolated-40words),ISL500_session108,VALID,Source label matches project class with valid motion
food,food__ISL500__00111__Food__session141__clip001.mp4,HuggingFace (vidit031/isl-isolated-40words),ISL500_session141,VALID,Source label matches project class with valid motion
food,food__ISL500__00138__Food__session171__clip019.mp4,HuggingFace (vidit031/isl-isolated-40words),ISL500_session171,VALID,Source label matches project class with valid motion
food,food__ISL500__00165__Food__session10__clip004.mp4,HuggingFace (vidit031/isl-isolated-40words),ISL500_session10,VALID,Source label matches project class with valid motion
food,food__ISL500__00192__Food__session116__clip015.mp4,HuggingFace (vidit031/isl-isolated-40words),ISL500_session116,VALID,Source label matches project class with valid motion
food,food__ISL500__00219__Food__session137__clip014.mp4,HuggingFace (vidit031/isl-isolated-40words),ISL500_session137,VALID,Source label matches project class with valid motion
food,food__ISL500__00246__Food__000001__c545daf6-s103-003_Food.mp4,HuggingFace (vidit031/isl-isolated-40words),ISL500_00246,VALID,Source label matches project class with valid motion
food,food__ISL500__00273__Food__000001.mp4,HuggingFace (vidit031/isl-isolated-40words),ISL500_00273,VALID,Source label matches project class with valid motion
food,food__ISL500__00300__Food__000001.mp4,HuggingFace (vidit031/isl-isolated-40words),ISL500_00300,VALID,Source label matches project class with valid motion
food,food__ISL500__00327__Food__000001.mp4,HuggingFace (vidit031/isl-isolated-40words),ISL500_00327,VALID,Source label matches project class with valid motion
food,food__ISL500__00354__Food__session134__clip000.mp4,HuggingFace (vidit031/isl-isolated-40words),ISL500_session134,VALID,Source label matches project class with valid motion
food,food__ISL500__00381__Food__session217__clip003.mp4,HuggingFace (vidit031/isl-isolated-40words),ISL500_session217,VALID,Source label matches project class with valid motion
food,food__ISL500__00408__Food__session175__clip002.mp4,HuggingFace (vidit031/isl-isolated-40words),ISL500_session175,VALID,Source label matches project class with valid motion
food,food__ISL500__00435__Food__session157__clip033.mp4,HuggingFace (vidit031/isl-isolated-40words),ISL500_session157,VALID,Source label matches project class with valid motion
food,food__ISL500__00462__Food__session152__clip032.mp4,HuggingFace (vidit031/isl-isolated-40words),ISL500_session152,VALID,Source label matches project class with valid motion
food,video_20260822_230409.mp4,Local Webcam Recording,Webcam_Signer_01,VALID,Source label matches project class with valid motion
food,video_20260822_231704.mp4,Local Webcam Recording,Webcam_Signer_01,VALID,Source label matches project class with valid motion
friend,friend__CISLR__00020__ElXP4DjT3H8_1.mp4,HuggingFace (vidit031/isl-isolated-40words),CISLR_ElXP4DjT3H8,VALID,Source label matches project class with valid motion
friend,friend__CISLR__00026__HiKegjOx1kw.mp4,HuggingFace (vidit031/isl-isolated-40words),CISLR_HiKegjOx1kw,UNCERTAIN,"Unusually long clip (9.63s), contains excess lead-in or lead-out hesitation"
friend,friend__CISLR__00078__z2B7VrBSA5c.mp4,HuggingFace (vidit031/isl-isolated-40words),CISLR_z2B7VrBSA5c,VALID,Source label matches project class with valid motion
friend,friend__INCLUDE__00546__MVI_3826.mp4,HuggingFace (vidit031/isl-isolated-40words),INCLUDE_00546,VALID,Source label matches project class with valid motion
friend,friend__INCLUDE__00547__MVI_3827.mp4,HuggingFace (vidit031/isl-isolated-40words),INCLUDE_00547,VALID,Source label matches project class with valid motion
friend,friend__INCLUDE__00548__MVI_3828.mp4,HuggingFace (vidit031/isl-isolated-40words),INCLUDE_00548,VALID,Source label matches project class with valid motion
friend,friend__INCLUDE__00549__MVI_3975.mp4,HuggingFace (vidit031/isl-isolated-40words),INCLUDE_00549,VALID,Source label matches project class with valid motion
friend,friend__INCLUDE__00550__MVI_3976.mp4,HuggingFace (vidit031/isl-isolated-40words),INCLUDE_00550,VALID,Source label matches project class with valid motion
friend,friend__INCLUDE__00551__MVI_3977.mp4,HuggingFace (vidit031/isl-isolated-40words),INCLUDE_00551,UNCERTAIN,"Extremely short clip (67 frames, 11 tokens), risk of incomplete gesture"
friend,friend__INCLUDE__00552__MVI_4122.mp4,HuggingFace (vidit031/isl-isolated-40words),INCLUDE_00552,VALID,Source label matches project class with valid motion
friend,friend__INCLUDE__00553__MVI_4123.mp4,HuggingFace (vidit031/isl-isolated-40words),INCLUDE_00553,VALID,Source label matches project class with valid motion
friend,friend__INCLUDE__00554__MVI_4124.mp4,HuggingFace (vidit031/isl-isolated-40words),INCLUDE_00554,VALID,Source label matches project class with valid motion
friend,friend__INCLUDE__00555__MVI_4246.mp4,HuggingFace (vidit031/isl-isolated-40words),INCLUDE_00555,VALID,Source label matches project class with valid motion
friend,friend__INCLUDE__00556__MVI_4997.mp4,HuggingFace (vidit031/isl-isolated-40words),INCLUDE_00556,UNCERTAIN,"Extremely short clip (55 frames, 12 tokens), risk of incomplete gesture"
friend,friend__INCLUDE__00557__MVI_4998.mp4,HuggingFace (vidit031/isl-isolated-40words),INCLUDE_00557,VALID,Source label matches project class with valid motion
friend,friend__INCLUDE__00558__MVI_4999.mp4,HuggingFace (vidit031/isl-isolated-40words),INCLUDE_00558,VALID,Source label matches project class with valid motion
friend,friend__INCLUDE__00559__MVI_5145.mp4,HuggingFace (vidit031/isl-isolated-40words),INCLUDE_00559,VALID,Source label matches project class with valid motion
friend,friend__INCLUDE__00560__MVI_5146.mp4,HuggingFace (vidit031/isl-isolated-40words),INCLUDE_00560,VALID,Source label matches project class with valid motion
friend,friend__INCLUDE__00561__MVI_5147.mp4,HuggingFace (vidit031/isl-isolated-40words),INCLUDE_00561,VALID,Source label matches project class with valid motion
friend,friend__INCLUDE__00562__MVI_5299.mp4,HuggingFace (vidit031/isl-isolated-40words),INCLUDE_00562,UNCERTAIN,"Extremely short clip (59 frames, 12 tokens), risk of incomplete gesture"
friend,friend__INCLUDE__00563__MVI_5300.mp4,HuggingFace (vidit031/isl-isolated-40words),INCLUDE_00563,VALID,Source label matches project class with valid motion
friend,friend__INCLUDE__00564__MVI_5301.mp4,HuggingFace (vidit031/isl-isolated-40words),INCLUDE_00564,VALID,Source label matches project class with valid motion
friend,friend__INCLUDE__00565__MVI_8648.mp4,HuggingFace (vidit031/isl-isolated-40words),INCLUDE_00565,VALID,Source label matches project class with valid motion
friend,friend__ISL500__00085__Friend__session108__clip021.mp4,HuggingFace (vidit031/isl-isolated-40words),ISL500_session108,VALID,Source label matches project class with valid motion
friend,friend__ISL500__00112__Friend__session162__clip025.mp4,HuggingFace (vidit031/isl-isolated-40words),ISL500_session162,UNCERTAIN,"Extremely short clip (75 frames, 13 tokens), risk of incomplete gesture"
friend,friend__ISL500__00139__Friend__session104__clip030.mp4,HuggingFace (vidit031/isl-isolated-40words),ISL500_session104,VALID,Source label matches project class with valid motion
friend,friend__ISL500__00166__Friend__session10__clip007.mp4,HuggingFace (vidit031/isl-isolated-40words),ISL500_session10,VALID,Source label matches project class with valid motion
friend,friend__ISL500__00193__Friend__session165__clip015.mp4,HuggingFace (vidit031/isl-isolated-40words),ISL500_session165,VALID,Source label matches project class with valid motion
friend,friend__ISL500__00220__Friend__session104__clip020.mp4,HuggingFace (vidit031/isl-isolated-40words),ISL500_session104,VALID,Source label matches project class with valid motion
friend,friend__ISL500__00247__Friend__000001__c545daf6-s103-008_Friend.mp4,HuggingFace (vidit031/isl-isolated-40words),ISL500_00247,VALID,Source label matches project class with valid motion
friend,friend__ISL500__00274__Friend__session102__clip013.mp4,HuggingFace (vidit031/isl-isolated-40words),ISL500_session102,UNCERTAIN,"Extremely short clip (76 frames, 12 tokens), risk of incomplete gesture"
friend,friend__ISL500__00301__Friend__000001.mp4,HuggingFace (vidit031/isl-isolated-40words),ISL500_00301,VALID,Source label matches project class with valid motion
friend,friend__ISL500__00328__Friend__000001.mp4,HuggingFace (vidit031/isl-isolated-40words),ISL500_00328,VALID,Source label matches project class with valid motion
friend,friend__ISL500__00355__Friend__session182__clip000.mp4,HuggingFace (vidit031/isl-isolated-40words),ISL500_session182,VALID,Source label matches project class with valid motion
friend,friend__ISL500__00382__Friend__session319__clip006.mp4,HuggingFace (vidit031/isl-isolated-40words),ISL500_session319,VALID,Source label matches project class with valid motion
friend,friend__ISL500__00409__Friend__session296__clip001.mp4,HuggingFace (vidit031/isl-isolated-40words),ISL500_session296,VALID,Source label matches project class with valid motion
friend,friend__ISL500__00436__Friend__session117__clip005.mp4,HuggingFace (vidit031/isl-isolated-40words),ISL500_session117,VALID,Source label matches project class with valid motion
friend,friend__ISL500__00463__Friend__session120__clip025.mp4,HuggingFace (vidit031/isl-isolated-40words),ISL500_session120,VALID,Source label matches project class with valid motion
goodbye,video_bridgeconn_156_farewell_2.mp4,BridgeConn ISL Dictionary,BridgeConn_Studio_Signer,SUSPECT,"Source label is farewell (two-handed/formal goodbye variant), distinct from isolated goodbye wave"
goodbye,video_bridgeconn_2086_goodbye.mp4,BridgeConn ISL Dictionary,BridgeConn_Studio_Signer,VALID,Source label matches project class with valid motion
goodbye,video_bridgeconn_253_farewell_1.mp4,BridgeConn ISL Dictionary,BridgeConn_Studio_Signer,SUSPECT,"Source label is farewell (two-handed/formal goodbye variant), distinct from isolated goodbye wave"
goodbye,video_datagov_Bye.mp4,data.gov.in ISL Dictionary,DataGov_Studio_Signer,UNCERTAIN,"Unusually long clip (14.27s), contains excess lead-in or lead-out hesitation"
goodbye,video_datagov_Bye_Goodbye.mp4,data.gov.in ISL Dictionary,DataGov_Studio_Signer,VALID,Source label matches project class with valid motion
goodbye,goodbye__CISLR__00036__O6YJgD20e2g.mp4,HuggingFace (vidit031/isl-isolated-40words),CISLR_O6YJgD20e2g,VALID,Source label matches project class with valid motion
goodbye,goodbye__ISLRTC_dictionary__00629__Bye.mp4,HuggingFace (vidit031/isl-isolated-40words),ISLRTC_Studio_Signer,UNCERTAIN,"Unusually long clip (14.27s), contains excess lead-in or lead-out hesitation"
goodbye,goodbye__ISLRTC_dictionary__00630__Bye_Goodbye.mp4,HuggingFace (vidit031/isl-isolated-40words),ISLRTC_Studio_Signer,VALID,Source label matches project class with valid motion
hello,video_20260909_234941.mp4,Local Webcam Recording,Webcam_Signer_01,VALID,Source label matches project class with valid motion
hello,video_20260909_234948.mp4,Local Webcam Recording,Webcam_Signer_01,VALID,Source label matches project class with valid motion
hello,video_20260909_234956.mp4,Local Webcam Recording,Webcam_Signer_01,VALID,Source label matches project class with valid motion
hello,video_20260909_235003.mp4,Local Webcam Recording,Webcam_Signer_01,VALID,Source label matches project class with valid motion
hello,video_20260909_235010.mp4,Local Webcam Recording,Webcam_Signer_01,VALID,Source label matches project class with valid motion
hello,video_20260909_235017.mp4,Local Webcam Recording,Webcam_Signer_01,VALID,Source label matches project class with valid motion
hello,video_20260909_235024.mp4,Local Webcam Recording,Webcam_Signer_01,VALID,Source label matches project class with valid motion
hello,video_20260909_235031.mp4,Local Webcam Recording,Webcam_Signer_01,VALID,Source label matches project class with valid motion
hello,video_20260909_235038.mp4,Local Webcam Recording,Webcam_Signer_01,VALID,Source label matches project class with valid motion
hello,video_20260909_235045.mp4,Local Webcam Recording,Webcam_Signer_01,VALID,Source label matches project class with valid motion
hello,video_20260909_235052.mp4,Local Webcam Recording,Webcam_Signer_01,VALID,Source label matches project class with valid motion
hello,video_20260909_235059.mp4,Local Webcam Recording,Webcam_Signer_01,VALID,Source label matches project class with valid motion
hello,video_20260909_235106.mp4,Local Webcam Recording,Webcam_Signer_01,VALID,Source label matches project class with valid motion
hello,video_20260909_235113.mp4,Local Webcam Recording,Webcam_Signer_01,VALID,Source label matches project class with valid motion
hello,video_20260909_235120.mp4,Local Webcam Recording,Webcam_Signer_01,VALID,Source label matches project class with valid motion
hello,video_20260909_235127.mp4,Local Webcam Recording,Webcam_Signer_01,VALID,Source label matches project class with valid motion
hello,video_20260909_235134.mp4,Local Webcam Recording,Webcam_Signer_01,VALID,Source label matches project class with valid motion
hello,video_20260909_235141.mp4,Local Webcam Recording,Webcam_Signer_01,VALID,Source label matches project class with valid motion
hello,video_20260909_235148.mp4,Local Webcam Recording,Webcam_Signer_01,VALID,Source label matches project class with valid motion
hello,video_20260909_235156.mp4,Local Webcam Recording,Webcam_Signer_01,VALID,Source label matches project class with valid motion
hello,video_20260909_235203.mp4,Local Webcam Recording,Webcam_Signer_01,UNCERTAIN,"Extremely short clip (85 frames, 14 tokens), risk of incomplete gesture"
hello,video_20260909_235210.mp4,Local Webcam Recording,Webcam_Signer_01,VALID,Source label matches project class with valid motion
hello,video_20260909_235217.mp4,Local Webcam Recording,Webcam_Signer_01,VALID,Source label matches project class with valid motion
hello,video_20260909_235224.mp4,Local Webcam Recording,Webcam_Signer_01,VALID,Source label matches project class with valid motion
hello,video_20260909_235231.mp4,Local Webcam Recording,Webcam_Signer_01,VALID,Source label matches project class with valid motion
hello,video_20260909_235238.mp4,Local Webcam Recording,Webcam_Signer_01,VALID,Source label matches project class with valid motion
hello,video_20260909_235245.mp4,Local Webcam Recording,Webcam_Signer_01,VALID,Source label matches project class with valid motion
hello,video_20260909_235252.mp4,Local Webcam Recording,Webcam_Signer_01,VALID,Source label matches project class with valid motion
hello,video_20260909_235259.mp4,Local Webcam Recording,Webcam_Signer_01,VALID,Source label matches project class with valid motion
hello,video_20260909_235306.mp4,Local Webcam Recording,Webcam_Signer_01,VALID,Source label matches project class with valid motion
help,help__ISL500__00088__Help__session111__clip022.mp4,HuggingFace (vidit031/isl-isolated-40words),ISL500_session111,VALID,Source label matches project class with valid motion
help,help__ISL500__00115__Help__session155__clip011.mp4,HuggingFace (vidit031/isl-isolated-40words),ISL500_session155,VALID,Source label matches project class with valid motion
help,help__ISL500__00142__Help__session136__clip019.mp4,HuggingFace (vidit031/isl-isolated-40words),ISL500_session136,VALID,Source label matches project class with valid motion
help,help__ISL500__00169__Help__session105__clip013.mp4,HuggingFace (vidit031/isl-isolated-40words),ISL500_session105,UNCERTAIN,"Extremely short clip (80 frames, 14 tokens), risk of incomplete gesture"
help,help__ISL500__00196__Help__session144__clip002.mp4,HuggingFace (vidit031/isl-isolated-40words),ISL500_session144,VALID,Source label matches project class with valid motion
help,help__ISL500__00223__Help__session110__clip001.mp4,HuggingFace (vidit031/isl-isolated-40words),ISL500_session110,VALID,Source label matches project class with valid motion
help,help__ISL500__00250__Help__000001__c545daf6-s115-004_Help.mp4,HuggingFace (vidit031/isl-isolated-40words),ISL500_00250,VALID,Source label matches project class with valid motion
help,help__ISL500__00277__Help__session112__clip030.mp4,HuggingFace (vidit031/isl-isolated-40words),ISL500_session112,VALID,Source label matches project class with valid motion
help,help__ISL500__00304__Help__000001.mp4,HuggingFace (vidit031/isl-isolated-40words),ISL500_00304,VALID,Source label matches project class with valid motion
help,help__ISL500__00331__Help__000001.mp4,HuggingFace (vidit031/isl-isolated-40words),ISL500_00331,VALID,Source label matches project class with valid motion
help,help__ISL500__00358__Help__session159__clip001.mp4,HuggingFace (vidit031/isl-isolated-40words),ISL500_session159,VALID,Source label matches project class with valid motion
help,help__ISL500__00385__Help__session105__clip009.mp4,HuggingFace (vidit031/isl-isolated-40words),ISL500_session105,VALID,Source label matches project class with valid motion
help,help__ISL500__00412__Help__session230__clip002.mp4,HuggingFace (vidit031/isl-isolated-40words),ISL500_session230,VALID,Source label matches project class with valid motion
help,help__ISL500__00439__Help__session149__clip021.mp4,HuggingFace (vidit031/isl-isolated-40words),ISL500_session149,VALID,Source label matches project class with valid motion
help,help__ISL500__00466__Help__session102__clip026.mp4,HuggingFace (vidit031/isl-isolated-40words),ISL500_session102,VALID,Source label matches project class with valid motion
house,video_bridgeconn_1265_house_and_home.mp4,BridgeConn ISL Dictionary,BridgeConn_Studio_Signer,VALID,Source label matches project class with valid motion
house,video_datagov_House_Home.mp4,data.gov.in ISL Dictionary,DataGov_Studio_Signer,VALID,Source label matches project class with valid motion
house,home__CISLR__00008__3SRihi99gjc_1.mp4,HuggingFace (vidit031/isl-isolated-40words),CISLR_3SRihi99gjc,SUSPECT,"Cross-concept mapping: source is 'home', mapped to 'house' (distinct regional markers in ISL)"
mother,mother__CISLR__00003__0t5NaJwemgI_1.mp4,HuggingFace (vidit031/isl-isolated-40words),CISLR_0t5NaJwemgI,VALID,Source label matches project class with valid motion
mother,mother__CISLR__00032__Kxj8mG2kNCc.mp4,HuggingFace (vidit031/isl-isolated-40words),CISLR_Kxj8mG2kNCc,VALID,Source label matches project class with valid motion
mother,mother__CISLR__00041__QlqLuC-1u1U_1.mp4,HuggingFace (vidit031/isl-isolated-40words),CISLR_QlqLuC-1u1U,VALID,Source label matches project class with valid motion
mother,mother__ISL500__00091__Mother__session102__clip021.mp4,HuggingFace (vidit031/isl-isolated-40words),ISL500_session102,VALID,Source label matches project class with valid motion
mother,mother__ISL500__00118__Mother__session154__clip008.mp4,HuggingFace (vidit031/isl-isolated-40words),ISL500_session154,VALID,Source label matches project class with valid motion
mother,mother__ISL500__00145__Mother__session107__clip029.mp4,HuggingFace (vidit031/isl-isolated-40words),ISL500_session107,VALID,Source label matches project class with valid motion
mother,mother__ISL500__00172__Mother__session100__clip017.mp4,HuggingFace (vidit031/isl-isolated-40words),ISL500_session100,UNCERTAIN,"Extremely short clip (73 frames, 12 tokens), risk of incomplete gesture"
mother,mother__ISL500__00199__Mother__session142__clip013.mp4,HuggingFace (vidit031/isl-isolated-40words),ISL500_session142,VALID,Source label matches project class with valid motion
mother,mother__ISL500__00226__Mother__session138__clip004.mp4,HuggingFace (vidit031/isl-isolated-40words),ISL500_session138,VALID,Source label matches project class with valid motion
mother,mother__ISL500__00253__Mother__000001__c545daf6-s130-006_Mother.mp4,HuggingFace (vidit031/isl-isolated-40words),ISL500_00253,VALID,Source label matches project class with valid motion
mother,mother__ISL500__00280__Mother__000001.mp4,HuggingFace (vidit031/isl-isolated-40words),ISL500_00280,VALID,Source label matches project class with valid motion
mother,mother__ISL500__00307__Mother__000001.mp4,HuggingFace (vidit031/isl-isolated-40words),ISL500_00307,VALID,Source label matches project class with valid motion
mother,mother__ISL500__00334__Mother__000001.mp4,HuggingFace (vidit031/isl-isolated-40words),ISL500_00334,VALID,Source label matches project class with valid motion
mother,mother__ISL500__00361__Mother__session153__clip028.mp4,HuggingFace (vidit031/isl-isolated-40words),ISL500_session153,VALID,Source label matches project class with valid motion
mother,mother__ISL500__00388__Mother__session136__clip001.mp4,HuggingFace (vidit031/isl-isolated-40words),ISL500_session136,VALID,Source label matches project class with valid motion
mother,mother__ISL500__00415__Mother__session121__clip003.mp4,HuggingFace (vidit031/isl-isolated-40words),ISL500_session121,VALID,Source label matches project class with valid motion
mother,mother__ISL500__00442__Mother__session132__clip018.mp4,HuggingFace (vidit031/isl-isolated-40words),ISL500_session132,VALID,Source label matches project class with valid motion
mother,mother__ISL500__00469__Mother__session123__clip016.mp4,HuggingFace (vidit031/isl-isolated-40words),ISL500_session123,VALID,Source label matches project class with valid motion
no,no__CISLR__00015__CXEDTo1PXCg.mp4,HuggingFace (vidit031/isl-isolated-40words),CISLR_CXEDTo1PXCg,VALID,Source label matches project class with valid motion
no,no__CISLR__00052__VS_ZuiQIJx0.mp4,HuggingFace (vidit031/isl-isolated-40words),CISLR_VS,VALID,Source label matches project class with valid motion
no,no__ISL500__00092__No__session104__clip019.mp4,HuggingFace (vidit031/isl-isolated-40words),ISL500_session104,VALID,Source label matches project class with valid motion
no,no__ISL500__00119__No__session161__clip025.mp4,HuggingFace (vidit031/isl-isolated-40words),ISL500_session161,VALID,Source label matches project class with valid motion
no,no__ISL500__00146__No__session107__clip008.mp4,HuggingFace (vidit031/isl-isolated-40words),ISL500_session107,VALID,Source label matches project class with valid motion
no,no__ISL500__00173__No__session110__clip018.mp4,HuggingFace (vidit031/isl-isolated-40words),ISL500_session110,UNCERTAIN,"Extremely short clip (62 frames, 11 tokens), risk of incomplete gesture"
no,no__ISL500__00200__No__session162__clip014.mp4,HuggingFace (vidit031/isl-isolated-40words),ISL500_session162,VALID,Source label matches project class with valid motion
no,no__ISL500__00227__No__session143__clip002.mp4,HuggingFace (vidit031/isl-isolated-40words),ISL500_session143,VALID,Source label matches project class with valid motion
no,no__ISL500__00254__No__000001__c545daf6-s132-008_No.mp4,HuggingFace (vidit031/isl-isolated-40words),ISL500_00254,VALID,Source label matches project class with valid motion
no,no__ISL500__00281__No__000001.mp4,HuggingFace (vidit031/isl-isolated-40words),ISL500_00281,VALID,Source label matches project class with valid motion
no,no__ISL500__00308__No__000001.mp4,HuggingFace (vidit031/isl-isolated-40words),ISL500_00308,VALID,Source label matches project class with valid motion
no,no__ISL500__00335__No__000001.mp4,HuggingFace (vidit031/isl-isolated-40words),ISL500_00335,VALID,Source label matches project class with valid motion
no,no__ISL500__00362__No__session179__clip008.mp4,HuggingFace (vidit031/isl-isolated-40words),ISL500_session179,VALID,Source label matches project class with valid motion
no,no__ISL500__00389__No__session145__clip005.mp4,HuggingFace (vidit031/isl-isolated-40words),ISL500_session145,VALID,Source label matches project class with valid motion
no,no__ISL500__00416__No__session125__clip005.mp4,HuggingFace (vidit031/isl-isolated-40words),ISL500_session125,VALID,Source label matches project class with valid motion
no,no__ISL500__00443__No__session131__clip002.mp4,HuggingFace (vidit031/isl-isolated-40words),ISL500_session131,VALID,Source label matches project class with valid motion
no,no__ISL500__00470__No__session122__clip024.mp4,HuggingFace (vidit031/isl-isolated-40words),ISL500_session122,VALID,Source label matches project class with valid motion
please,please__CISLR__00065__iGDJKo1-w5k.mp4,HuggingFace (vidit031/isl-isolated-40words),CISLR_iGDJKo1-w5k,VALID,Source label matches project class with valid motion
please,please__CISLR__00073__vAW9QDnXLrE.mp4,HuggingFace (vidit031/isl-isolated-40words),CISLR_vAW9QDnXLrE,VALID,Source label matches project class with valid motion
please,please__CISLR__00075__vMbLDoCayk8.mp4,HuggingFace (vidit031/isl-isolated-40words),CISLR_vMbLDoCayk8,VALID,Source label matches project class with valid motion
please,please__ISL500__00093__Please__session104__clip016.mp4,HuggingFace (vidit031/isl-isolated-40words),ISL500_session104,VALID,Source label matches project class with valid motion
please,please__ISL500__00120__Please__session106__clip004.mp4,HuggingFace (vidit031/isl-isolated-40words),ISL500_session106,UNCERTAIN,"Extremely short clip (85 frames, 11 tokens), risk of incomplete gesture"
please,please__ISL500__00147__Please__session111__clip009.mp4,HuggingFace (vidit031/isl-isolated-40words),ISL500_session111,VALID,Source label matches project class with valid motion
please,please__ISL500__00174__Please__session107__clip001.mp4,HuggingFace (vidit031/isl-isolated-40words),ISL500_session107,UNCERTAIN,"Extremely short clip (75 frames, 14 tokens), risk of incomplete gesture"
please,please__ISL500__00201__Please__session117__clip014.mp4,HuggingFace (vidit031/isl-isolated-40words),ISL500_session117,VALID,Source label matches project class with valid motion
please,please__ISL500__00228__Please__session105__clip001.mp4,HuggingFace (vidit031/isl-isolated-40words),ISL500_session105,VALID,Source label matches project class with valid motion
please,please__ISL500__00255__Please__000001__c545daf6-s141-010_Please.mp4,HuggingFace (vidit031/isl-isolated-40words),ISL500_00255,VALID,Source label matches project class with valid motion
please,please__ISL500__00282__Please__000001.mp4,HuggingFace (vidit031/isl-isolated-40words),ISL500_00282,VALID,Source label matches project class with valid motion
please,please__ISL500__00309__Please__000001.mp4,HuggingFace (vidit031/isl-isolated-40words),ISL500_00309,VALID,Source label matches project class with valid motion
please,please__ISL500__00336__Please__000001.mp4,HuggingFace (vidit031/isl-isolated-40words),ISL500_00336,VALID,Source label matches project class with valid motion
please,please__ISL500__00363__Please__session135__clip022.mp4,HuggingFace (vidit031/isl-isolated-40words),ISL500_session135,VALID,Source label matches project class with valid motion
please,please__ISL500__00390__Please__session159__clip001.mp4,HuggingFace (vidit031/isl-isolated-40words),ISL500_session159,VALID,Source label matches project class with valid motion
please,please__ISL500__00417__Please__session130__clip003.mp4,HuggingFace (vidit031/isl-isolated-40words),ISL500_session130,VALID,Source label matches project class with valid motion
please,please__ISL500__00444__Please__session133__clip003.mp4,HuggingFace (vidit031/isl-isolated-40words),ISL500_session133,VALID,Source label matches project class with valid motion
please,please__ISL500__00471__Please__session124__clip001.mp4,HuggingFace (vidit031/isl-isolated-40words),ISL500_session124,VALID,Source label matches project class with valid motion
school,school__CISLR__00038__OvDIlDiFmnU.mp4,HuggingFace (vidit031/isl-isolated-40words),CISLR_OvDIlDiFmnU,UNCERTAIN,"Extremely short clip (78 frames, 11 tokens), risk of incomplete gesture"
school,school__CISLR__00048__T3DNMjNynU0_1.mp4,HuggingFace (vidit031/isl-isolated-40words),CISLR_T3DNMjNynU0,VALID,Source label matches project class with valid motion
school,school__INCLUDE__00486__MVI_3290.mp4,HuggingFace (vidit031/isl-isolated-40words),INCLUDE_00486,UNCERTAIN,"Extremely short clip (86 frames, 12 tokens), risk of incomplete gesture"
school,school__INCLUDE__00487__MVI_3291.mp4,HuggingFace (vidit031/isl-isolated-40words),INCLUDE_00487,VALID,Source label matches project class with valid motion
school,school__INCLUDE__00488__MVI_3292.mp4,HuggingFace (vidit031/isl-isolated-40words),INCLUDE_00488,VALID,Source label matches project class with valid motion
school,school__INCLUDE__00489__MVI_3293.mp4,HuggingFace (vidit031/isl-isolated-40words),INCLUDE_00489,VALID,Source label matches project class with valid motion
school,school__INCLUDE__00490__MVI_3371.mp4,HuggingFace (vidit031/isl-isolated-40words),INCLUDE_00490,VALID,Source label matches project class with valid motion
school,school__INCLUDE__00491__MVI_3372.mp4,HuggingFace (vidit031/isl-isolated-40words),INCLUDE_00491,VALID,Source label matches project class with valid motion
school,school__INCLUDE__00492__MVI_3373.mp4,HuggingFace (vidit031/isl-isolated-40words),INCLUDE_00492,VALID,Source label matches project class with valid motion
school,school__INCLUDE__00493__MVI_3374.mp4,HuggingFace (vidit031/isl-isolated-40words),INCLUDE_00493,VALID,Source label matches project class with valid motion
school,school__INCLUDE__00494__MVI_3456.mp4,HuggingFace (vidit031/isl-isolated-40words),INCLUDE_00494,VALID,Source label matches project class with valid motion
school,school__INCLUDE__00495__MVI_3457.mp4,HuggingFace (vidit031/isl-isolated-40words),INCLUDE_00495,VALID,Source label matches project class with valid motion
school,school__INCLUDE__00496__MVI_3458.mp4,HuggingFace (vidit031/isl-isolated-40words),INCLUDE_00496,VALID,Source label matches project class with valid motion
school,school__INCLUDE__00497__MVI_3459.mp4,HuggingFace (vidit031/isl-isolated-40words),INCLUDE_00497,UNCERTAIN,"Extremely short clip (67 frames, 14 tokens), risk of incomplete gesture"
school,school__INCLUDE__00498__MVI_3535.mp4,HuggingFace (vidit031/isl-isolated-40words),INCLUDE_00498,UNCERTAIN,"Extremely short clip (66 frames, 13 tokens), risk of incomplete gesture"
school,school__INCLUDE__00499__MVI_3536.mp4,HuggingFace (vidit031/isl-isolated-40words),INCLUDE_00499,VALID,Source label matches project class with valid motion
school,school__INCLUDE__00500__MVI_3537.mp4,HuggingFace (vidit031/isl-isolated-40words),INCLUDE_00500,VALID,Source label matches project class with valid motion
school,school__INCLUDE__00501__MVI_3538.mp4,HuggingFace (vidit031/isl-isolated-40words),INCLUDE_00501,VALID,Source label matches project class with valid motion
school,school__INCLUDE__00502__MVI_3614.mp4,HuggingFace (vidit031/isl-isolated-40words),INCLUDE_00502,UNCERTAIN,"Extremely short clip (67 frames, 13 tokens), risk of incomplete gesture"
school,school__INCLUDE__00503__MVI_3615.mp4,HuggingFace (vidit031/isl-isolated-40words),INCLUDE_00503,VALID,Source label matches project class with valid motion
school,school__INCLUDE__00504__MVI_3616.mp4,HuggingFace (vidit031/isl-isolated-40words),INCLUDE_00504,VALID,Source label matches project class with valid motion
school,school__INCLUDE__00505__MVI_3617.mp4,HuggingFace (vidit031/isl-isolated-40words),INCLUDE_00505,UNCERTAIN,"Extremely short clip (59 frames, 13 tokens), risk of incomplete gesture"
school,school__ISL500__00094__School__session103__clip006.mp4,HuggingFace (vidit031/isl-isolated-40words),ISL500_session103,VALID,Source label matches project class with valid motion
school,school__ISL500__00121__School__session116__clip001.mp4,HuggingFace (vidit031/isl-isolated-40words),ISL500_session116,VALID,Source label matches project class with valid motion
school,school__ISL500__00148__School__session100__clip010.mp4,HuggingFace (vidit031/isl-isolated-40words),ISL500_session100,VALID,Source label matches project class with valid motion
school,school__ISL500__00175__School__session104__clip020.mp4,HuggingFace (vidit031/isl-isolated-40words),ISL500_session104,VALID,Source label matches project class with valid motion
school,school__ISL500__00202__School__session118__clip013.mp4,HuggingFace (vidit031/isl-isolated-40words),ISL500_session118,VALID,Source label matches project class with valid motion
school,school__ISL500__00229__School__session107__clip012.mp4,HuggingFace (vidit031/isl-isolated-40words),ISL500_session107,VALID,Source label matches project class with valid motion
school,school__ISL500__00256__School__000001__c545daf6-s152-002_School.mp4,HuggingFace (vidit031/isl-isolated-40words),ISL500_00256,VALID,Source label matches project class with valid motion
school,school__ISL500__00283__School__000001.mp4,HuggingFace (vidit031/isl-isolated-40words),ISL500_00283,VALID,Source label matches project class with valid motion
school,school__ISL500__00310__School__000001.mp4,HuggingFace (vidit031/isl-isolated-40words),ISL500_00310,VALID,Source label matches project class with valid motion
school,school__ISL500__00337__School__000001.mp4,HuggingFace (vidit031/isl-isolated-40words),ISL500_00337,VALID,Source label matches project class with valid motion
school,school__ISL500__00364__School__session141__clip003.mp4,HuggingFace (vidit031/isl-isolated-40words),ISL500_session141,VALID,Source label matches project class with valid motion
school,school__ISL500__00391__School__session169__clip001.mp4,HuggingFace (vidit031/isl-isolated-40words),ISL500_session169,VALID,Source label matches project class with valid motion
school,school__ISL500__00418__School__session140__clip002.mp4,HuggingFace (vidit031/isl-isolated-40words),ISL500_session140,VALID,Source label matches project class with valid motion
school,school__ISL500__00445__School__session108__clip021.mp4,HuggingFace (vidit031/isl-isolated-40words),ISL500_session108,VALID,Source label matches project class with valid motion
school,school__ISL500__00472__School__session111__clip010.mp4,HuggingFace (vidit031/isl-isolated-40words),ISL500_session111,VALID,Source label matches project class with valid motion
school,video_20260822_230424.mp4,Local Webcam Recording,Webcam_Signer_01,VALID,Source label matches project class with valid motion
sister,sister__CISLR__00045__Rj6pX9wzxqA_1.mp4,HuggingFace (vidit031/isl-isolated-40words),CISLR_Rj6pX9wzxqA,VALID,Source label matches project class with valid motion
sister,sister__CISLR__00066__jWWLAybE8C8_1.mp4,HuggingFace (vidit031/isl-isolated-40words),CISLR_jWWLAybE8C8,VALID,Source label matches project class with valid motion
sister,sister__ISL500__00096__Sister__session100__clip016.mp4,HuggingFace (vidit031/isl-isolated-40words),ISL500_session100,VALID,Source label matches project class with valid motion
sister,sister__ISL500__00123__Sister__session120__clip001.mp4,HuggingFace (vidit031/isl-isolated-40words),ISL500_session120,VALID,Source label matches project class with valid motion
sister,sister__ISL500__00150__Sister__session104__clip029.mp4,HuggingFace (vidit031/isl-isolated-40words),ISL500_session104,VALID,Source label matches project class with valid motion
sister,sister__ISL500__00177__Sister__session108__clip018.mp4,HuggingFace (vidit031/isl-isolated-40words),ISL500_session108,VALID,Source label matches project class with valid motion
sister,sister__ISL500__00204__Sister__session144__clip013.mp4,HuggingFace (vidit031/isl-isolated-40words),ISL500_session144,VALID,Source label matches project class with valid motion
sister,sister__ISL500__00231__Sister__session144__clip013.mp4,HuggingFace (vidit031/isl-isolated-40words),ISL500_session144,VALID,Source label matches project class with valid motion
sister,sister__ISL500__00258__Sister__000001__c545daf6-s154-001_Sister.mp4,HuggingFace (vidit031/isl-isolated-40words),ISL500_00258,VALID,Source label matches project class with valid motion
sister,sister__ISL500__00285__Sister__000001.mp4,HuggingFace (vidit031/isl-isolated-40words),ISL500_00285,VALID,Source label matches project class with valid motion
sister,sister__ISL500__00312__Sister__000001.mp4,HuggingFace (vidit031/isl-isolated-40words),ISL500_00312,VALID,Source label matches project class with valid motion
sister,sister__ISL500__00339__Sister__000001.mp4,HuggingFace (vidit031/isl-isolated-40words),ISL500_00339,VALID,Source label matches project class with valid motion
sister,sister__ISL500__00366__Sister__session109__clip000.mp4,HuggingFace (vidit031/isl-isolated-40words),ISL500_session109,VALID,Source label matches project class with valid motion
sister,sister__ISL500__00393__Sister__session173__clip001.mp4,HuggingFace (vidit031/isl-isolated-40words),ISL500_session173,VALID,Source label matches project class with valid motion
sister,sister__ISL500__00420__Sister__session146__clip001.mp4,HuggingFace (vidit031/isl-isolated-40words),ISL500_session146,VALID,Source label matches project class with valid motion
sister,sister__ISL500__00447__Sister__session117__clip004.mp4,HuggingFace (vidit031/isl-isolated-40words),ISL500_session117,VALID,Source label matches project class with valid motion
sister,sister__ISL500__00474__Sister__session120__clip024.mp4,HuggingFace (vidit031/isl-isolated-40words),ISL500_session120,VALID,Source label matches project class with valid motion
sorry,video_datagov_Sorry.mp4,data.gov.in ISL Dictionary,DataGov_Studio_Signer,VALID,Source label matches project class with valid motion
sorry,video_datagov_Sorry_(Sign_2).mp4,data.gov.in ISL Dictionary,DataGov_Studio_Signer,SUSPECT,Secondary regional dialect variant (Sorry_(Sign_2)) which differs in motion topology
sorry,video_datagov_Sorry_(Sign_3).mp4,data.gov.in ISL Dictionary,DataGov_Studio_Signer,SUSPECT,Secondary regional dialect variant (Sorry_(Sign_3)) which differs in motion topology
sorry,sorry__CISLR__00002__0sE5EMDNsDo.mp4,HuggingFace (vidit031/isl-isolated-40words),CISLR_0sE5EMDNsDo,VALID,Source label matches project class with valid motion
sorry,sorry__CISLR__00031__KXnSguJGdN8.mp4,HuggingFace (vidit031/isl-isolated-40words),CISLR_KXnSguJGdN8,VALID,Source label matches project class with valid motion
sorry,sorry__CISLR__00049__TiPPYhh323E.mp4,HuggingFace (vidit031/isl-isolated-40words),CISLR_TiPPYhh323E,VALID,Source label matches project class with valid motion
sorry,sorry__CISLR__00072__v7LOMsrEiVI_1.mp4,HuggingFace (vidit031/isl-isolated-40words),CISLR_v7LOMsrEiVI,VALID,Source label matches project class with valid motion
sorry,sorry__ISLRTC_dictionary__00636__Sorry.mp4,HuggingFace (vidit031/isl-isolated-40words),ISLRTC_Studio_Signer,VALID,Source label matches project class with valid motion
sorry,sorry__ISLRTC_dictionary__00637__Sorry_(Sign_2).mp4,HuggingFace (vidit031/isl-isolated-40words),ISLRTC_Studio_Signer,SUSPECT,Secondary regional dialect variant (sorry) which differs in motion topology
stop,video_bridgeconn_2059_stop.mp4,BridgeConn ISL Dictionary,BridgeConn_Studio_Signer,VALID,Source label matches project class with valid motion
stop,video_datagov_Stop.mp4,data.gov.in ISL Dictionary,DataGov_Studio_Signer,VALID,Source label matches project class with valid motion
stop,video_datagov_Stop_(Sign_2).mp4,data.gov.in ISL Dictionary,DataGov_Studio_Signer,SUSPECT,Secondary regional dialect variant (Stop_(Sign_2)) which differs in motion topology
stop,stop__CISLR__00021__FEi50jcTxxI_1.mp4,HuggingFace (vidit031/isl-isolated-40words),CISLR_FEi50jcTxxI,VALID,Source label matches project class with valid motion
stop,stop__CISLR__00022__FHwjyQeLNuY.mp4,HuggingFace (vidit031/isl-isolated-40words),CISLR_FHwjyQeLNuY,VALID,Source label matches project class with valid motion
stop,stop__ISLRTC_dictionary__00631__Cease_Discontinue_Halt_Stop.mp4,HuggingFace (vidit031/isl-isolated-40words),ISLRTC_Studio_Signer,SUSPECT,"Compound legal/administrative dictionary sign, differs from standard ISL stop gesture"
stop,stop__ISLRTC_dictionary__00639__Stop.mp4,HuggingFace (vidit031/isl-isolated-40words),ISLRTC_Studio_Signer,UNCERTAIN,"Extremely short clip (128 frames, 13 tokens), risk of incomplete gesture"
teacher,teacher__CISLR__00001__-PGXFLhDfS0_1.mp4,HuggingFace (vidit031/isl-isolated-40words),CISLR_-PGXFLhDfS0,UNCERTAIN,"Extremely short clip (82 frames, 13 tokens), risk of incomplete gesture"
teacher,teacher__CISLR__00044__Qy_q0sAucuw.mp4,HuggingFace (vidit031/isl-isolated-40words),CISLR_Qy,VALID,Source label matches project class with valid motion
teacher,teacher__ISL500__00099__Teacher__session101__clip005.mp4,HuggingFace (vidit031/isl-isolated-40words),ISL500_session101,VALID,Source label matches project class with valid motion
teacher,teacher__ISL500__00126__Teacher__session154__clip020.mp4,HuggingFace (vidit031/isl-isolated-40words),ISL500_session154,VALID,Source label matches project class with valid motion
teacher,teacher__ISL500__00153__Teacher__session113__clip020.mp4,HuggingFace (vidit031/isl-isolated-40words),ISL500_session113,VALID,Source label matches project class with valid motion
teacher,teacher__ISL500__00180__Teacher__session108__clip024.mp4,HuggingFace (vidit031/isl-isolated-40words),ISL500_session108,VALID,Source label matches project class with valid motion
teacher,teacher__ISL500__00207__Teacher__session101__clip005.mp4,HuggingFace (vidit031/isl-isolated-40words),ISL500_session101,VALID,Source label matches project class with valid motion
teacher,teacher__ISL500__00234__Teacher__session115__clip004.mp4,HuggingFace (vidit031/isl-isolated-40words),ISL500_session115,VALID,Source label matches project class with valid motion
teacher,teacher__ISL500__00261__Teacher__000001__c545daf6-s157-008_Teacher.mp4,HuggingFace (vidit031/isl-isolated-40words),ISL500_00261,VALID,Source label matches project class with valid motion
teacher,teacher__ISL500__00288__Teacher__000001.mp4,HuggingFace (vidit031/isl-isolated-40words),ISL500_00288,VALID,Source label matches project class with valid motion
teacher,teacher__ISL500__00315__Teacher__000001.mp4,HuggingFace (vidit031/isl-isolated-40words),ISL500_00315,VALID,Source label matches project class with valid motion
teacher,teacher__ISL500__00342__Teacher__000001.mp4,HuggingFace (vidit031/isl-isolated-40words),ISL500_00342,VALID,Source label matches project class with valid motion
teacher,teacher__ISL500__00369__Teacher__session118__clip012.mp4,HuggingFace (vidit031/isl-isolated-40words),ISL500_session118,VALID,Source label matches project class with valid motion
teacher,teacher__ISL500__00396__Teacher__session183__clip000.mp4,HuggingFace (vidit031/isl-isolated-40words),ISL500_session183,VALID,Source label matches project class with valid motion
teacher,teacher__ISL500__00423__Teacher__session156__clip004.mp4,HuggingFace (vidit031/isl-isolated-40words),ISL500_session156,VALID,Source label matches project class with valid motion
teacher,teacher__ISL500__00450__Teacher__session139__clip013.mp4,HuggingFace (vidit031/isl-isolated-40words),ISL500_session139,VALID,Source label matches project class with valid motion
teacher,teacher__ISL500__00477__Teacher__session126__clip026.mp4,HuggingFace (vidit031/isl-isolated-40words),ISL500_session126,VALID,Source label matches project class with valid motion
thank_you,video_20260910_000431.mp4,Local Webcam Recording,Webcam_Signer_01,VALID,Source label matches project class with valid motion
thank_you,video_20260910_000439.mp4,Local Webcam Recording,Webcam_Signer_01,VALID,Source label matches project class with valid motion
thank_you,video_20260910_000446.mp4,Local Webcam Recording,Webcam_Signer_01,VALID,Source label matches project class with valid motion
thank_you,video_20260910_000453.mp4,Local Webcam Recording,Webcam_Signer_01,VALID,Source label matches project class with valid motion
thank_you,video_20260910_000500.mp4,Local Webcam Recording,Webcam_Signer_01,VALID,Source label matches project class with valid motion
thank_you,video_20260910_000507.mp4,Local Webcam Recording,Webcam_Signer_01,VALID,Source label matches project class with valid motion
thank_you,video_20260910_000514.mp4,Local Webcam Recording,Webcam_Signer_01,VALID,Source label matches project class with valid motion
thank_you,video_20260910_000521.mp4,Local Webcam Recording,Webcam_Signer_01,VALID,Source label matches project class with valid motion
thank_you,video_20260910_000528.mp4,Local Webcam Recording,Webcam_Signer_01,VALID,Source label matches project class with valid motion
thank_you,video_20260910_000535.mp4,Local Webcam Recording,Webcam_Signer_01,VALID,Source label matches project class with valid motion
thank_you,video_20260910_000543.mp4,Local Webcam Recording,Webcam_Signer_01,VALID,Source label matches project class with valid motion
thank_you,video_20260910_000550.mp4,Local Webcam Recording,Webcam_Signer_01,VALID,Source label matches project class with valid motion
thank_you,video_20260910_000557.mp4,Local Webcam Recording,Webcam_Signer_01,VALID,Source label matches project class with valid motion
thank_you,video_20260910_000604.mp4,Local Webcam Recording,Webcam_Signer_01,VALID,Source label matches project class with valid motion
thank_you,video_20260910_000611.mp4,Local Webcam Recording,Webcam_Signer_01,VALID,Source label matches project class with valid motion
thank_you,video_20260910_000618.mp4,Local Webcam Recording,Webcam_Signer_01,VALID,Source label matches project class with valid motion
thank_you,video_20260910_000625.mp4,Local Webcam Recording,Webcam_Signer_01,VALID,Source label matches project class with valid motion
thank_you,video_20260910_000632.mp4,Local Webcam Recording,Webcam_Signer_01,VALID,Source label matches project class with valid motion
thank_you,video_20260910_000639.mp4,Local Webcam Recording,Webcam_Signer_01,VALID,Source label matches project class with valid motion
thank_you,video_20260910_000646.mp4,Local Webcam Recording,Webcam_Signer_01,VALID,Source label matches project class with valid motion
thank_you,video_20260910_000653.mp4,Local Webcam Recording,Webcam_Signer_01,VALID,Source label matches project class with valid motion
thank_you,video_20260910_000701.mp4,Local Webcam Recording,Webcam_Signer_01,VALID,Source label matches project class with valid motion
thank_you,video_20260910_000708.mp4,Local Webcam Recording,Webcam_Signer_01,VALID,Source label matches project class with valid motion
thank_you,video_20260910_000715.mp4,Local Webcam Recording,Webcam_Signer_01,VALID,Source label matches project class with valid motion
thank_you,video_20260910_000722.mp4,Local Webcam Recording,Webcam_Signer_01,VALID,Source label matches project class with valid motion
thank_you,video_20260910_000729.mp4,Local Webcam Recording,Webcam_Signer_01,VALID,Source label matches project class with valid motion
thank_you,video_20260910_000736.mp4,Local Webcam Recording,Webcam_Signer_01,VALID,Source label matches project class with valid motion
thank_you,video_20260910_000743.mp4,Local Webcam Recording,Webcam_Signer_01,VALID,Source label matches project class with valid motion
thank_you,video_20260910_000750.mp4,Local Webcam Recording,Webcam_Signer_01,VALID,Source label matches project class with valid motion
thank_you,video_20260910_000757.mp4,Local Webcam Recording,Webcam_Signer_01,VALID,Source label matches project class with valid motion
water,water__CISLR__00010__5FSC6Og1RBQ_2.mp4,HuggingFace (vidit031/isl-isolated-40words),CISLR_5FSC6Og1RBQ,UNCERTAIN,"Extremely short clip (78 frames, 13 tokens), risk of incomplete gesture"
water,water__CISLR__00047__SlORjr0kUM4.mp4,HuggingFace (vidit031/isl-isolated-40words),CISLR_SlORjr0kUM4,VALID,Source label matches project class with valid motion
water,water__CISLR__00058__ZanVx78hi-g_1.mp4,HuggingFace (vidit031/isl-isolated-40words),CISLR_ZanVx78hi-g,VALID,Source label matches project class with valid motion
water,water__ISL500__00103__Water__session117__clip006.mp4,HuggingFace (vidit031/isl-isolated-40words),ISL500_session117,VALID,Source label matches project class with valid motion
water,water__ISL500__00130__Water__session158__clip023.mp4,HuggingFace (vidit031/isl-isolated-40words),ISL500_session158,UNCERTAIN,"Extremely short clip (56 frames, 10 tokens), risk of incomplete gesture"
water,water__ISL500__00157__Water__session102__clip018.mp4,HuggingFace (vidit031/isl-isolated-40words),ISL500_session102,VALID,Source label matches project class with valid motion
water,water__ISL500__00184__Water__session121__clip007.mp4,HuggingFace (vidit031/isl-isolated-40words),ISL500_session121,VALID,Source label matches project class with valid motion
water,water__ISL500__00211__Water__session109__clip006.mp4,HuggingFace (vidit031/isl-isolated-40words),ISL500_session109,VALID,Source label matches project class with valid motion
water,water__ISL500__00238__Water__session104__clip017.mp4,HuggingFace (vidit031/isl-isolated-40words),ISL500_session104,VALID,Source label matches project class with valid motion
water,water__ISL500__00265__Water__000001__c545daf6-s166-007_Water.mp4,HuggingFace (vidit031/isl-isolated-40words),ISL500_00265,VALID,Source label matches project class with valid motion
water,water__ISL500__00292__Water__000001.mp4,HuggingFace (vidit031/isl-isolated-40words),ISL500_00292,VALID,Source label matches project class with valid motion
water,water__ISL500__00319__Water__000001.mp4,HuggingFace (vidit031/isl-isolated-40words),ISL500_00319,VALID,Source label matches project class with valid motion
water,water__ISL500__00346__Water__000001.mp4,HuggingFace (vidit031/isl-isolated-40words),ISL500_00346,VALID,Source label matches project class with valid motion
water,water__ISL500__00373__Water__session127__clip006.mp4,HuggingFace (vidit031/isl-isolated-40words),ISL500_session127,VALID,Source label matches project class with valid motion
water,water__ISL500__00400__Water__session208__clip003.mp4,HuggingFace (vidit031/isl-isolated-40words),ISL500_session208,VALID,Source label matches project class with valid motion
water,water__ISL500__00427__Water__session169__clip005.mp4,HuggingFace (vidit031/isl-isolated-40words),ISL500_session169,VALID,Source label matches project class with valid motion
water,water__ISL500__00454__Water__session112__clip016.mp4,HuggingFace (vidit031/isl-isolated-40words),ISL500_session112,VALID,Source label matches project class with valid motion
water,water__ISL500__00481__Water__session119__clip002.mp4,HuggingFace (vidit031/isl-isolated-40words),ISL500_session119,VALID,Source label matches project class with valid motion
water,video_20260822_195720.mp4,Local Webcam Recording,Webcam_Signer_01,UNCERTAIN,"Extremely short clip (81 frames, 14 tokens), risk of incomplete gesture"
welcome,video_20260822_230539.mp4,Local Webcam Recording,Webcam_Signer_01,VALID,Source label matches project class with valid motion
welcome,video_20260822_230546.mp4,Local Webcam Recording,Webcam_Signer_01,VALID,Source label matches project class with valid motion
welcome,video_20260910_001335.mp4,Local Webcam Recording,Webcam_Signer_01,VALID,Source label matches project class with valid motion
welcome,video_20260910_001342.mp4,Local Webcam Recording,Webcam_Signer_01,VALID,Source label matches project class with valid motion
welcome,video_20260910_001349.mp4,Local Webcam Recording,Webcam_Signer_01,VALID,Source label matches project class with valid motion
welcome,video_20260910_001451.mp4,Local Webcam Recording,Webcam_Signer_01,VALID,Source label matches project class with valid motion
welcome,video_20260910_001458.mp4,Local Webcam Recording,Webcam_Signer_01,VALID,Source label matches project class with valid motion
welcome,video_20260910_001506.mp4,Local Webcam Recording,Webcam_Signer_01,UNCERTAIN,"Extremely short clip (84 frames, 13 tokens), risk of incomplete gesture"
welcome,video_20260910_001513.mp4,Local Webcam Recording,Webcam_Signer_01,VALID,Source label matches project class with valid motion
welcome,video_20260910_001520.mp4,Local Webcam Recording,Webcam_Signer_01,VALID,Source label matches project class with valid motion
welcome,video_20260910_001527.mp4,Local Webcam Recording,Webcam_Signer_01,VALID,Source label matches project class with valid motion
welcome,video_20260910_001534.mp4,Local Webcam Recording,Webcam_Signer_01,VALID,Source label matches project class with valid motion
welcome,video_20260910_001541.mp4,Local Webcam Recording,Webcam_Signer_01,VALID,Source label matches project class with valid motion
welcome,video_20260910_001548.mp4,Local Webcam Recording,Webcam_Signer_01,VALID,Source label matches project class with valid motion
welcome,video_20260910_001555.mp4,Local Webcam Recording,Webcam_Signer_01,VALID,Source label matches project class with valid motion
welcome,video_20260910_001602.mp4,Local Webcam Recording,Webcam_Signer_01,VALID,Source label matches project class with valid motion
welcome,video_20260910_001609.mp4,Local Webcam Recording,Webcam_Signer_01,VALID,Source label matches project class with valid motion
welcome,video_20260910_001616.mp4,Local Webcam Recording,Webcam_Signer_01,VALID,Source label matches project class with valid motion
welcome,video_20260910_001624.mp4,Local Webcam Recording,Webcam_Signer_01,VALID,Source label matches project class with valid motion
welcome,video_20260910_001631.mp4,Local Webcam Recording,Webcam_Signer_01,VALID,Source label matches project class with valid motion
welcome,video_20260910_001638.mp4,Local Webcam Recording,Webcam_Signer_01,VALID,Source label matches project class with valid motion
welcome,video_20260910_001645.mp4,Local Webcam Recording,Webcam_Signer_01,VALID,Source label matches project class with valid motion
welcome,video_20260910_001652.mp4,Local Webcam Recording,Webcam_Signer_01,VALID,Source label matches project class with valid motion
welcome,video_20260910_001659.mp4,Local Webcam Recording,Webcam_Signer_01,VALID,Source label matches project class with valid motion
welcome,video_20260910_001706.mp4,Local Webcam Recording,Webcam_Signer_01,VALID,Source label matches project class with valid motion
welcome,video_20260910_001713.mp4,Local Webcam Recording,Webcam_Signer_01,VALID,Source label matches project class with valid motion
welcome,video_20260910_001720.mp4,Local Webcam Recording,Webcam_Signer_01,VALID,Source label matches project class with valid motion
welcome,video_20260910_001727.mp4,Local Webcam Recording,Webcam_Signer_01,VALID,Source label matches project class with valid motion
welcome,video_20260910_001734.mp4,Local Webcam Recording,Webcam_Signer_01,VALID,Source label matches project class with valid motion
welcome,video_20260910_001741.mp4,Local Webcam Recording,Webcam_Signer_01,VALID,Source label matches project class with valid motion
welcome,video_20260910_001749.mp4,Local Webcam Recording,Webcam_Signer_01,VALID,Source label matches project class with valid motion
welcome,video_20260910_001756.mp4,Local Webcam Recording,Webcam_Signer_01,VALID,Source label matches project class with valid motion
welcome,video_20260910_001804.mp4,Local Webcam Recording,Webcam_Signer_01,VALID,Source label matches project class with valid motion
welcome,video_20260910_001811.mp4,Local Webcam Recording,Webcam_Signer_01,VALID,Source label matches project class with valid motion
welcome,video_20260910_001818.mp4,Local Webcam Recording,Webcam_Signer_01,VALID,Source label matches project class with valid motion
work,video_datagov_Work_(Sign_2).mp4,data.gov.in ISL Dictionary,DataGov_Studio_Signer,SUSPECT,Secondary regional dialect variant (Work_(Sign_2)) which differs in motion topology
work,video_datagov_Work_(Sign_3).mp4,data.gov.in ISL Dictionary,DataGov_Studio_Signer,SUSPECT,Secondary regional dialect variant (Work_(Sign_3)) which differs in motion topology
work,video_datagov_work.mp4,data.gov.in ISL Dictionary,DataGov_Studio_Signer,VALID,Source label matches project class with valid motion
yes,yes__CISLR__00033__LAT-u9Ww5ZU.mp4,HuggingFace (vidit031/isl-isolated-40words),CISLR_LAT-u9Ww5ZU,VALID,Source label matches project class with valid motion
yes,yes__CISLR__00034__MXmTYGHWvvE.mp4,HuggingFace (vidit031/isl-isolated-40words),CISLR_MXmTYGHWvvE,VALID,Source label matches project class with valid motion
yes,yes__ISL500__00106__Yes__session105__clip014.mp4,HuggingFace (vidit031/isl-isolated-40words),ISL500_session105,VALID,Source label matches project class with valid motion
yes,yes__ISL500__00133__Yes__session140__clip009.mp4,HuggingFace (vidit031/isl-isolated-40words),ISL500_session140,VALID,Source label matches project class with valid motion
yes,yes__ISL500__00160__Yes__session114__clip001.mp4,HuggingFace (vidit031/isl-isolated-40words),ISL500_session114,VALID,Source label matches project class with valid motion
yes,yes__ISL500__00187__Yes__session105__clip015.mp4,HuggingFace (vidit031/isl-isolated-40words),ISL500_session105,UNCERTAIN,"Extremely short clip (79 frames, 14 tokens), risk of incomplete gesture"
yes,yes__ISL500__00214__Yes__session114__clip002.mp4,HuggingFace (vidit031/isl-isolated-40words),ISL500_session114,VALID,Source label matches project class with valid motion
yes,yes__ISL500__00241__Yes__session112__clip005.mp4,HuggingFace (vidit031/isl-isolated-40words),ISL500_session112,VALID,Source label matches project class with valid motion
yes,yes__ISL500__00268__Yes__000001__c545daf6-s168-008_Yes.mp4,HuggingFace (vidit031/isl-isolated-40words),ISL500_00268,VALID,Source label matches project class with valid motion
yes,yes__ISL500__00295__Yes__000001.mp4,HuggingFace (vidit031/isl-isolated-40words),ISL500_00295,VALID,Source label matches project class with valid motion
yes,yes__ISL500__00322__Yes__000001.mp4,HuggingFace (vidit031/isl-isolated-40words),ISL500_00322,VALID,Source label matches project class with valid motion
yes,yes__ISL500__00349__Yes__000001.mp4,HuggingFace (vidit031/isl-isolated-40words),ISL500_00349,VALID,Source label matches project class with valid motion
yes,yes__ISL500__00376__Yes__session133__clip016.mp4,HuggingFace (vidit031/isl-isolated-40words),ISL500_session133,VALID,Source label matches project class with valid motion
yes,yes__ISL500__00403__Yes__session213__clip009.mp4,HuggingFace (vidit031/isl-isolated-40words),ISL500_session213,VALID,Source label matches project class with valid motion
yes,yes__ISL500__00430__Yes__session169__clip028.mp4,HuggingFace (vidit031/isl-isolated-40words),ISL500_session169,VALID,Source label matches project class with valid motion
yes,yes__ISL500__00457__Yes__session139__clip024.mp4,HuggingFace (vidit031/isl-isolated-40words),ISL500_session139,VALID,Source label matches project class with valid motion
yes,yes__ISL500__00484__Yes__session127__clip006.mp4,HuggingFace (vidit031/isl-isolated-40words),ISL500_session127,VALID,Source label matches project class with valid motion
