Hx,Hy,Mx,My,Rx,Ry
0.7913157,0.76214844,0.0,0.0,0.3908244,0.107224464
0.78326714,0.7774442,-0.008048551,0.0152957635,0.38231108,0.12287959
0.7863974,0.77676374,0.00313026,-0.0006804637,0.38523856,0.122506686
0.77862155,0.77708286,-0.0077758403,0.00031913462,0.3769076,0.1234522
0.77384573,0.78390944,-0.004775842,0.006826585,0.37207112,0.13024451
0.7733279,0.7856227,-0.00051779975,0.0017132589,0.37105462,0.1300773
0.7693165,0.7918559,-0.00401139,0.0062331785,0.36672553,0.13608858
0.76237863,0.79718745,-0.0069378586,0.0053315586,0.3588983,0.14138989
0.76085556,0.79784626,-0.0015230945,0.00065885554,0.35714877,0.1412391
0.7608208,0.7968305,-3.4752346e-05,-0.0010158136,0.35711652,0.14042336
0.7611318,0.8048062,0.00031101136,0.007975729,0.35749626,0.14835018
0.7618193,0.8028488,0.0006874942,-0.0019573683,0.35831553,0.14636244
0.7598786,0.8059546,-0.0019407669,0.0031057568,0.3552739,0.14989655
0.7585775,0.8078508,-0.001301002,0.0018961657,0.35372657,0.15094644
0.7589953,0.80775136,0.00041775475,-9.937513e-05,0.35416546,0.15180619
0.75977373,0.82109547,0.00077839976,0.013344092,0.35499957,0.16525498
0.7598094,0.8195801,3.567196e-05,-0.0015153885,0.35486636,0.16350171
0.7598455,0.82582945,3.609487e-05,0.0062493654,0.3551781,0.17129731
0.7599312,0.8258265,8.575405e-05,-2.9376574e-06,0.35510498,0.17118554
0.7611356,0.8287204,0.0012043772,0.0028938595,0.35535586,0.17407736
0.7541108,0.8424539,-0.0070248162,0.013733555,0.34767216,0.18810111
0.73921317,0.8493265,-0.0148975905,0.0068725916,0.33281288,0.19817197
0.74265647,0.84942186,0.0034432837,9.53277e-05,0.33695585,0.19847383
0.74130577,0.8495159,-0.0013507179,9.406748e-05,0.3358622,0.19893014
0.7201892,0.8592548,-0.02111656,0.009738843,0.3155346,0.20906493
0.71780944,0.8505479,-0.0023797695,-0.008706845,0.31295162,0.20042428
0.7170495,0.8524797,-0.0007599535,0.001931761,0.3120983,0.20293441
0.71724105,0.8420485,0.00019155798,-0.01043113,0.31216496,0.19281389
0.7196018,0.83468246,0.0023607498,-0.007366075,0.31468013,0.18727455
0.71924514,0.8347608,-0.00035665717,7.830063e-05,0.314522,0.18854252
0.72018677,0.8327879,0.0009416427,-0.0019728655,0.3155563,0.18651012
0.7170036,0.8384184,-0.0031832173,0.005630516,0.3126272,0.19229744
0.71357733,0.84068245,-0.003426197,0.0022640626,0.3096848,0.194626
0.7127194,0.84009963,-0.00085797196,-0.00058284827,0.30940875,0.19423902
0.7105988,0.843825,-0.0021205489,0.0037253555,0.3082956,0.1979287
0.7117959,0.84182745,0.0011970656,-0.0019975218,0.31035054,0.19597454
0.7117879,0.8418452,-8.00689e-06,1.7770699e-05,0.31028733,0.19604175
0.7155286,0.8388053,0.003740694,-0.0030399107,0.31545538,0.19296157
0.71492124,0.8370729,-0.0006073543,-0.0017323948,0.31482002,0.19128989
0.7139778,0.8439183,-0.00094343367,0.0068454063,0.31552306,0.19602312
0.71430135,0.84346604,0.00032353686,-0.00045230275,0.3160581,0.1953608
0.7128767,0.8432665,-0.0014246787,-0.00019955919,0.31480303,0.19558887
0.71447325,0.8435758,0.0015966069,0.00030932255,0.31642854,0.1970409
0.71620613,0.8474304,0.0017328603,0.0038545926,0.31759834,0.20026806
0.7167872,0.848763,0.0005810914,0.001332581,0.3171686,0.19936284
0.715575,0.8474519,-0.0012122563,-0.0013110638,0.31510398,0.1967313
0.7163788,0.8478042,0.0008038481,0.00035229468,0.3151206,0.19708492
0.7156342,0.847083,-0.0007445869,-0.0007212247,0.31409988,0.19584203
0.71575636,0.84745413,0.00012212708,0.00037114677,0.31399748,0.19667001
0.7170972,0.84909964,0.0013408491,0.0016455281,0.3145428,0.19732146
0.71660095,0.84877694,-0.00049621717,-0.00032268252,0.31267568,0.19906962
0.71690345,0.8487289,0.0003024425,-4.804986e-05,0.31150588,0.19770087
0.71512127,0.8484287,-0.0017821534,-0.00030016046,0.3097899,0.19832435
0.7159188,0.8482532,0.00079753,-0.00017554703,0.30947265,0.19871952
0.7153659,0.8504986,-0.0005529211,0.0022453894,0.3070967,0.20063628
0.715008,0.8491654,-0.0003578379,-0.0013331998,0.30556425,0.1972843
0.7150945,0.84925634,8.644092e-05,9.092263e-05,0.3061459,0.19704719
0.7154438,0.84964466,0.00034932295,0.00038832994,0.30603072,0.19553356
0.71722186,0.8457862,0.0017780662,-0.00385843,0.30676714,0.1916568
0.7167353,0.8455572,-0.0004865442,-0.00022899253,0.30590236,0.19116555
0.71703583,0.84741324,0.00030050107,0.0018560404,0.30657926,0.19303265
0.71595865,0.8495672,-0.0010771751,0.0021539074,0.3054155,0.1937468
0.71589553,0.84984756,-6.309861e-05,0.0002804058,0.30487883,0.19415247
0.71534437,0.8495771,-0.0005511755,-0.00027047735,0.30369696,0.19450596
0.71530944,0.84929657,-3.4925484e-05,-0.00028054486,0.30357784,0.19437762
0.7174396,0.85126597,0.0021301594,0.001969414,0.30652693,0.19806492
0.7183717,0.85182124,0.00093209173,0.00055528537,0.30903676,0.20090793
0.7175763,0.8521832,-0.0007954098,0.0003619932,0.30958998,0.20177749
0.71811616,0.8522493,0.000539896,6.609871e-05,0.31249404,0.20080423
0.71814513,0.85242206,2.8928122e-05,0.00017269736,0.31259575,0.2000988
0.7176983,0.85704374,-0.0004468163,0.004621713,0.3120734,0.20589711
0.71781963,0.8575109,0.00012134087,0.000467167,0.30966535,0.2029798
0.70946044,0.8815462,-0.008359213,0.024035286,0.30080205,0.23098747
0.707089,0.89099854,-0.0023714474,0.009452329,0.2973219,0.24036095
0.70705837,0.8903368,-3.061408e-05,-0.0006617421,0.29727578,0.23553278
0.70263726,0.8957428,-0.0044211433,0.005405954,0.28297484,0.24970864
0.7034152,0.8951841,0.0007779996,-0.00055862893,0.28452277,0.2490136
0.70213854,0.8888391,-0.0012766577,-0.0063449796,0.28344443,0.238939
0.702361,0.8892491,0.00022243035,0.00040993805,0.2836711,0.23842254
0.7138257,0.8509136,0.011464707,-0.0383355,0.29807162,0.17520449
0.72076416,0.8218512,0.0069384547,-0.0290624,0.30928236,0.13894595
0.7201687,0.82436585,-0.00059546746,0.0025146832,0.3056166,0.1414635
0.7262292,0.8148307,0.0060605067,-0.009535148,0.3104963,0.13205919
0.72754556,0.81766915,0.0013163686,0.0028384214,0.3105599,0.1359757
0.7310269,0.79816467,0.0034812973,-0.019504488,0.31358355,0.1154639
0.73115945,0.79917747,0.00013257492,0.0010128418,0.30084392,0.122912705
0.7302005,0.79829144,-0.0009588883,-0.0008860429,0.30049357,0.12586765
0.7299887,0.8053768,-0.00021186045,0.007085363,0.30019787,0.13395093
0.7315636,0.80514365,0.0015749193,-0.00023315918,0.30258414,0.13301945
0.728412,0.8038294,-0.0031516184,-0.001314271,0.3048755,0.12266512
0.7294559,0.803986,0.0010438703,0.00015660978,0.31059715,0.11073874
0.72876596,0.81382155,-0.0006899209,0.009835569,0.31040087,0.11946769
0.7264882,0.81139344,-0.002277783,-0.0024281342,0.30052015,0.12050032
0.72740006,0.8124495,0.0009119085,0.0010560978,0.30131662,0.12201826
0.7297785,0.8122156,0.0023784665,-0.00023392553,0.30310282,0.12471063
0.7299079,0.81151295,0.00012935343,-0.0007026309,0.303587,0.124146126
0.73076224,0.802929,0.0008543503,-0.0085839685,0.30612814,0.11028018
0.73148894,0.80064416,0.00072672253,-0.0022848703,0.31064588,0.10079945
0.7301677,0.8001723,-0.0013212562,-0.00047181902,0.3115542,0.10070966
0.73147845,0.80148387,0.001310763,0.0013115633,0.3128656,0.10907907
0.7316202,0.8013561,0.00014171147,-0.00012778952,0.31122363,0.11428462
0.72833306,0.8038851,-0.003287148,0.0025290279,0.30891082,0.110502616
0.72872573,0.804389,0.00039270378,0.00050389767,0.311646,0.108345106
0.71835,0.82053506,-0.010375766,0.016146049,0.2963155,0.11950371
0.7177835,0.8189596,-0.00056643144,-0.0015754814,0.29617566,0.11139105
0.7189552,0.8215061,0.0011717024,0.002546512,0.29692787,0.11470495
0.71832615,0.81735575,-0.000629093,-0.004150331,0.2932335,0.115986064
0.71875554,0.81872934,0.00042941174,0.0013736032,0.29314312,0.122338854
0.71390307,0.81911576,-0.004852505,0.0003863999,0.2913038,0.12676708
0.71521926,0.8192306,0.0013162239,0.0001148695,0.2927939,0.12849979
0.7100789,0.8222057,-0.005140378,0.0029751149,0.29100806,0.124427706
0.71016806,0.81864476,8.914584e-05,-0.0035609717,0.29365566,0.12166943
