threshold,no_samples,no_detected,no_missed,no_recall,non_no_samples,false_positive_count,false_positive_rate,binary_accuracy
0.5,23,23,0,1.0,407,402,0.9877,0.0651
0.55,23,23,0,1.0,407,402,0.9877,0.0651
0.6,23,23,0,1.0,407,400,0.9828,0.0698
0.65,23,23,0,1.0,407,399,0.9803,0.0721
0.7,23,23,0,1.0,407,388,0.9533,0.0977
0.75,23,21,2,0.913,407,350,0.86,0.1814
0.8,23,21,2,0.913,407,335,0.8231,0.2163
0.85,23,18,5,0.7826,407,297,0.7297,0.2977
0.9,23,16,7,0.6957,407,213,0.5233,0.4884
0.92,23,15,8,0.6522,407,162,0.398,0.6047
0.94,23,13,10,0.5652,407,103,0.2531,0.7372
0.95,23,13,10,0.5652,407,75,0.1843,0.8023
0.96,23,13,10,0.5652,407,44,0.1081,0.8744
0.97,23,12,11,0.5217,407,26,0.0639,0.914
0.98,23,7,16,0.3043,407,19,0.0467,0.9186
